"","team","pass_cmp","pass_att","pass_yds","pass_td","pass_int","pass_sacked","pass_sacked_yds","pass_long","pass_rating","rush_att","rush_yds","rush_td","rush_long","targets","rec","rec_yds","rec_td","rec_long","fumbles_lost","rush_scrambles","designed_rush_att","comb_pass_rush_play","comb_pass_play","comb_rush_play","Team_abbrev","Opponent_abbrev","two_point_conv","total_ret_td","offensive_fumble_recovery_td","pass_yds_bonus","rush_yds_bonus","rec_yds_bonus","pass_target_yds","pass_poor_throws","pass_blitzed","pass_hurried","rush_yds_before_contact","rush_yac","rush_broken_tackles","rec_air_yds","rec_yac","rec_drops","vis_team","home_team","vis_score","home_score","OT","Roof","Surface","Temperature","Humidity","Wind_Speed","Vegas_Line","Vegas_Favorite","Over_Under","game_date","is_blownout","score_diff"
"1","CLE",-6,-3,40,0,-2,-2,-21,54,19,1,-32,0,-17,-6,-6,40,0,33,0,0,1,-4,-5,1,"CLE","NYJ",0,0,0,1,0,1,7,0,3,3,-6,-26,4,-12,67,-2,"CLE","NYJ",-20,-10,"False","outdoors","fieldturf ",1,14,-7,-1,"CLE",1,"2019-09-16",FALSE,50
"2","NYG",-7,-3,-73,0,2,0,5,-16,-115,3,-22,0,-38,0,-7,-73,0,16,-2,-2,5,0,-5,5,"NYG","BUF",0,0,0,-1,0,-1,45,-2,4,1,-32,10,-4,86,-72,2,"BUF","NYG",11,-21,"False","outdoors","fieldturf ",7,3,5,6,"BUF",0,"2019-09-15",TRUE,4
"3","JAX",-4,0,-137,-2,-1,3,32,-73,-158,5,22,0,6,0,-4,-137,-2,-44,0,5,0,8,8,0,"JAX","HOU",0,0,0,0,0,-1,-7,2,14,5,32,-10,1,-7,-34,0,"JAX","HOU",-28,-13,"False","retractable roof (closed)","grass",-19,-9,-6,-4,"HOU",-6,"2019-09-15",FALSE,13
"4","MIA",3,7,-4,-1,2,4,33,-13,-11,3,21,0,-5,7,3,-4,-1,-25,-1,0,3,14,11,3,"MIA","NWE",0,0,0,0,0,0,59,-3,-2,-4,23,-2,1,59,10,4,"NWE","MIA",-16,-10,"False","outdoors","grass",-4,11,-4,-11,"NWE",7,"2019-09-15",TRUE,6
"5","ATL",-6,-3,16,1,1,-3,-22,31,-6,0,-16,0,9,-2,-6,16,1,28,-1,-1,1,-6,-7,1,"ATL","PHI",0,0,0,0,0,2,39,-1,3,-2,-1,-15,-2,54,46,2,"PHI","ATL",8,-4,"False","retractable roof (open)","fieldturf",0,0,0,2,"PHI",6,"2019-09-15",FALSE,20
"6","PIT",-7,-13,-89,2,0,0,7,15,94,3,49,1,37,-13,-7,-89,2,-33,0,0,3,-10,-13,3,"PIT","SEA",0,0,0,0,0,0,-204,2,-3,-11,-8,57,1,-205,-44,-4,"SEA","PIT",25,-7,"False","outdoors","grass",15,-11,1,1,"PIT",-2,"2019-09-15",FALSE,28
"7","TAM",-4,-11,14,0,-3,0,-1,13,58,5,-21,1,2,-9,-4,14,0,-22,-1,-2,7,-6,-13,7,"TAM","CAR",0,0,0,0,0,1,-10,5,5,-3,-67,46,4,8,-18,-2,"TAM","CAR",-11,-3,"False","outdoors","grass",-8,3,-6,-5,"CAR",-3,"2019-09-12",FALSE,20
"8","CIN",-6,-6,-61,-1,1,-2,-10,-33,-27,0,41,1,3,-8,-6,-61,-1,-40,2,0,0,-8,-8,0,"CIN","BUF",0,0,0,-1,0,-2,-30,4,8,-1,11,30,1,-30,-77,-1,"CIN","BUF",-24,4,"False","outdoors","astroturf",2,8,8,-4,"BUF",-3,"2019-09-22",FALSE,20
"9","MIA",2,2,43,0,-4,-4,-26,24,123,9,30,0,4,2,2,43,0,19,1,2,7,7,0,7,"MIA","DAL",0,0,0,0,0,0,-89,2,-3,5,4,26,-1,-90,29,-3,"MIA","DAL",-37,31,"False","retractable roof (closed)","fieldturf",-15,-22,-4,-4,"DAL",-2,"2019-09-22",TRUE,18
"10","NYG",-3,-9,86,1,-2,4,15,42,50,-1,-57,1,-7,-8,-3,86,1,51,2,3,-4,-6,-2,-4,"NYG","TAM",2,0,0,1,-1,2,-6,0,-1,8,-19,-38,0,-6,60,0,"NYG","TAM",4,17,"False","outdoors","grass",9,-2,6,-4,"TAM",4,"2019-09-22",FALSE,15
"11","LVR",4,-4,44,1,-1,1,8,5,42,1,-41,0,-24,-4,4,44,1,-1,0,-2,3,-2,-5,3,"LVR","MIN",0,0,0,0,0,1,-41,-3,-5,0,-5,-36,3,-43,-14,0,"LVR","MIN",-14,24,"False","dome","sportturf",2,-16,-13,-1,"MIN",-10,"2019-09-22",TRUE,-2
"12","NOR",-1,-8,-26,2,-1,-2,-16,-18,-4,3,31,1,14,-5,-1,-26,2,-25,0,0,3,-7,-10,3,"NOR","SEA",0,0,0,0,0,0,-156,1,1,-3,2,29,4,-143,29,-1,"NOR","SEA",24,0,"False","outdoors","fieldturf",-22,41,4,-3,"SEA",-8,"2019-09-22",FALSE,24
"13","WAS",4,6,111,0,3,3,32,6,-25,4,22,-1,0,5,4,111,0,10,2,1,3,13,10,3,"WAS","CHI",0,0,0,1,0,0,27,1,11,2,50,-28,0,28,81,1,"CHI","WAS",0,-6,"False","outdoors","grass",7,-7,-2,1,"CHI",-5,"2019-09-23",TRUE,-6
"14","NYJ",-11,-9,-103,0,1,1,-3,-16,-108,-4,-57,0,-12,-8,-11,-103,0,-30,-1,0,-4,-12,-8,-4,"NYJ","NWE",0,0,0,0,0,0,-20,1,-4,1,-56,-1,-2,-7,-69,-1,"NYJ","NWE",-9,27,"False","outdoors","grass",9,-20,7,-14,"NWE",-2,"2019-09-22",TRUE,4
"15","TEN",-5,-13,-77,3,0,-9,-55,8,48,8,47,-1,6,-16,-5,-77,3,-37,0,-3,11,-14,-25,11,"TEN","ATL",0,0,0,-1,1,0,-300,-4,-11,-1,33,14,1,-293,64,-1,"TEN","ATL",17,-10,"False","retractable roof (closed)","fieldturf",-1,-42,-9,-2,"ATL",8,"2019-09-29",FALSE,27
"16","ARI",-8,-11,68,-2,-1,-4,-11,8,4,1,-6,1,7,-12,-8,68,-2,20,0,-1,2,-14,-16,2,"ARI","SEA",0,0,0,0,0,0,-74,-3,-6,-3,-21,15,1,-81,47,-1,"SEA","ARI",-11,-10,"False","retractable roof (closed)","grass",0,0,0,-3,"SEA",3,"2019-09-29",TRUE,1
"17","MIA",-3,-17,-49,1,1,2,1,-31,-92,-6,0,0,1,-17,-3,-49,1,-27,-1,-3,-3,-21,-18,-3,"MIA","LAC",0,0,0,0,0,0,-255,-4,-2,-2,-1,1,2,-255,27,0,"LAC","MIA",24,-21,"False","outdoors","grass",16,8,15,7,"LAC",-3,"2019-09-29",TRUE,5
"18","DEN",2,9,90,3,0,-6,-52,-13,23,-22,-81,-2,7,7,2,90,3,19,-2,-1,-21,-19,2,-21,"DEN","JAX",0,0,0,1,0,1,167,2,10,4,-59,-22,-3,140,39,2,"JAX","DEN",10,-3,"False","outdoors","grass",18,-82,7,5,"DEN",-5,"2019-09-29",FALSE,9
"19","LVR",-6,-3,-53,0,-1,-3,-28,-10,2,12,100,1,53,-5,-6,-53,0,10,1,0,12,6,-6,12,"LVR","IND",0,0,0,0,0,-1,-35,-2,5,-1,77,23,-2,-25,-3,1,"LVR","IND",17,-10,"False","retractable roof (closed)","fieldturf",0,0,0,3,"IND",3,"2019-09-29",FALSE,27
"20","NYJ",3,4,22,0,1,5,30,-7,-10,-1,31,1,29,3,3,22,0,-13,1,0,-1,8,9,-1,"NYJ","PHI",0,0,0,0,0,0,-17,-4,12,-1,40,-9,0,-18,20,3,"NYJ","PHI",-8,1,"False","outdoors","grass",-13,19,0,6,"PHI",0,"2019-10-06",TRUE,-9
"21","WAS",-15,-15,-188,-2,1,-1,-22,20,-22,-4,-14,0,3,-16,-15,-188,-2,-5,-2,1,-5,-20,-15,-5,"WAS","NYG",0,0,0,-1,0,0,5,-4,-10,-4,-38,24,1,-20,-95,-1,"WAS","NYG",-28,9,"False","outdoors","fieldturf ",-10,3,6,2,"NYG",7,"2019-09-29",TRUE,-5
"22","ATL",-3,-7,-67,3,1,-3,-19,1,14,3,-1,0,9,-6,-3,-67,3,-13,-1,-1,4,-7,-11,4,"ATL","HOU",2,0,0,0,0,-1,-102,0,9,-3,3,-4,-1,-47,-39,-2,"ATL","HOU",8,43,"False","retractable roof (closed)","grass",0,0,0,-1,"HOU",3,"2019-10-06",TRUE,-7
"23","MIN",-5,-9,73,2,0,-3,-24,5,47,18,171,-1,67,-11,-5,73,2,3,-1,1,17,6,-11,17,"MIN","NYG",0,0,0,1,1,0,14,-4,-1,0,105,66,4,-45,85,-2,"MIN","NYG",22,-6,"False","outdoors","fieldturf ",-1,-16,2,-4,"MIN",6,"2019-10-06",FALSE,28
"24","ARI",-2,0,12,0,-1,-3,-30,-3,10,15,151,1,37,1,-2,12,0,29,0,1,14,12,-2,14,"ARI","CIN",0,0,0,0,0,0,79,2,8,-3,112,39,-1,102,-86,-1,"ARI","CIN",-1,13,"False","outdoors","grass",4,23,6,2,"CIN",-4,"2019-10-06",FALSE,20
"25","MIA",10,19,37,0,1,0,11,12,51,3,12,1,9,18,10,37,0,5,0,1,2,22,20,2,"MIA","WAS",0,0,0,0,0,0,132,3,-3,6,5,7,0,133,3,-1,"WAS","MIA",-13,6,"False","outdoors","grass",-4,13,-2,9,"WAS",-1,"2019-10-13",FALSE,19
"26","WAS",3,-1,-22,0,-3,3,21,-31,5,3,90,1,79,1,3,-22,0,-47,1,0,3,5,2,3,"WAS","NWE",0,0,0,0,0,0,-79,2,2,0,33,57,2,-55,-54,-1,"NWE","WAS",30,-17,"False","outdoors","grass",-7,24,-3,-12,"NWE",-6,"2019-10-06",TRUE,-5
"27","LAR",-16,-19,-122,-1,-2,-2,-27,-5,3,7,54,0,26,-19,-16,-122,-1,-12,0,1,6,-14,-20,6,"LAR","SEA",0,0,0,0,0,0,-61,-1,-13,-8,60,-6,0,-62,-34,0,"LAR","SEA",-26,-10,"False","outdoors","fieldturf",-17,15,5,8,"SEA",1,"2019-10-03",FALSE,14
"28","BAL",-5,-6,-86,-2,1,1,-3,-26,-42,11,-35,1,-32,-5,-5,-86,-2,-74,-1,4,7,6,-1,7,"BAL","PIT",-1,0,0,0,0,0,-52,-2,-4,-3,-9,-26,-2,-52,-46,-1,"BAL","PIT",-14,-2,"True","outdoors","grass",-13,17,-1,4,"BAL",-3,"2019-10-06",FALSE,18
"29","CIN",6,1,91,2,-1,-7,-69,19,50,4,35,0,10,1,6,91,2,32,-1,0,4,-2,-6,4,"CIN","ARI",0,0,0,0,0,1,-31,-3,8,0,16,19,2,-53,62,0,"ARI","CIN",23,-4,"False","outdoors","grass",0,-4,5,0,"CIN",0,"2019-10-06",FALSE,21
"30","DAL",1,-4,-185,-2,-3,-2,-14,-30,6,13,7,1,-18,-3,1,-185,-2,-67,0,-3,16,7,-9,16,"DAL","NYJ",0,0,0,-1,1,-2,-129,-3,13,0,13,-6,-2,-134,-68,1,"DAL","NYJ",-12,0,"False","outdoors","fieldturf ",-6,-7,7,-4,"DAL",-3,"2019-10-13",FALSE,8
"31","ATL",-2,-10,26,1,-1,0,1,1,42,5,46,-1,-14,-10,-2,26,1,9,0,1,4,-5,-9,4,"ATL","ARI",-2,0,0,0,0,2,-47,-5,-2,-4,-4,50,0,-73,-40,-1,"ATL","ARI",1,-19,"False","retractable roof (closed)","grass",0,0,0,1,"ATL",3,"2019-10-13",FALSE,20
"32","NYG",-6,-7,-21,0,2,-3,-35,29,-30,-4,-12,0,-12,-7,-6,-21,0,11,1,0,-4,-14,-10,-4,"NYG","NWE",0,0,0,0,0,1,-100,5,-3,0,-5,-7,1,-75,-4,0,"NYG","NWE",-14,25,"False","outdoors","grass",-12,-12,3,-11,"NWE",-1,"2019-10-10",TRUE,-3
"33","NYJ",8,6,218,2,-1,-8,-47,76,76,1,-11,0,-19,5,8,218,2,132,-1,1,0,-1,-1,0,"NYJ","DAL",0,0,0,1,0,1,137,3,-8,1,-22,11,0,106,106,-2,"DAL","NYJ",16,-7,"False","outdoors","fieldturf ",-2,-30,-3,7,"DAL",0,"2019-10-13",FALSE,27
"34","WAS",-5,-2,44,2,-1,-6,-44,11,38,13,0,-1,-58,-3,-5,44,2,21,-1,-1,14,5,-9,14,"WAS","MIA",0,0,0,0,1,1,45,-1,1,3,4,-4,-2,38,18,2,"WAS","MIA",-16,9,"False","outdoors","grass",14,0,5,9,"WAS",0,"2019-10-13",FALSE,27
"35","CLE",13,13,129,1,1,-4,-42,-4,-117,6,55,3,19,14,13,129,1,77,-1,3,3,15,12,3,"CLE","SEA",1,0,0,0,1,1,106,1,7,-2,-10,65,0,56,43,2,"SEA","CLE",29,-3,"False","outdoors","grass",-29,2,12,4,"CLE",-2,"2019-10-13",FALSE,24
"36","NYG",7,4,62,0,-2,7,67,-36,43,6,55,1,9,6,7,62,0,11,1,3,3,17,14,3,"NYG","ARI",0,0,0,0,0,-1,-25,-5,1,3,64,-9,1,-17,0,5,"ARI","NYG",13,-14,"False","outdoors","fieldturf ",2,17,-10,13,"NYG",6,"2019-10-20",FALSE,15
"37","TEN",4,-4,116,2,-2,-5,-25,7,145,8,58,1,1,-3,4,116,2,61,0,-1,9,-1,-10,9,"TEN","LAC",0,0,0,1,0,0,-108,-6,-3,-2,7,51,2,-92,89,-1,"LAC","TEN",20,7,"False","outdoors","grass",8,31,-5,-2,"TEN",1,"2019-10-20",FALSE,19
"38","PHI",-10,-15,-115,-1,-1,1,9,-15,-14,6,7,0,-3,-16,-10,-115,-1,-8,2,1,5,-8,-13,5,"PHI","DAL",0,0,0,-1,0,0,-52,-5,-5,1,-3,10,0,-76,-80,0,"PHI","DAL",-10,-1,"False","retractable roof (closed)","fieldturf",0,0,0,0,"DAL",6,"2019-10-20",TRUE,-9
"39","LAR",10,14,213,2,0,-4,-30,44,158,14,-19,0,-16,14,10,213,2,104,-1,0,14,24,10,14,"LAR","ATL",0,0,0,0,0,0,221,3,7,-6,-6,-13,0,222,109,0,"LAR","ATL",17,3,"False","retractable roof (open)","fieldturf",-5,3,-2,0,"LAR",5,"2019-10-20",FALSE,40
"40","TAM",-9,-11,-99,1,-3,-4,-17,9,22,16,64,-2,16,-11,-9,-99,1,-62,0,5,11,1,-10,11,"TAM","TEN",-1,0,0,0,0,0,-138,-1,0,-10,68,-4,0,-118,-78,-3,"TAM","TEN",-14,1,"False","outdoors","grass",-2,-19,-11,0,"TEN",-3,"2019-10-27",FALSE,7
"41","DEN",-1,-2,-39,0,0,-6,-71,-8,-3,7,42,0,12,-3,-1,-39,0,14,-1,1,6,-1,-7,6,"DEN","IND",0,0,0,0,0,0,-147,-2,-6,-1,-15,57,1,-140,7,1,"DEN","IND",-17,9,"False","retractable roof (open)","fieldturf",-3,38,-6,-3,"IND",-8,"2019-10-27",FALSE,22
"42","ATL",17,19,236,0,0,-3,-19,-23,-113,2,31,1,14,16,17,236,0,45,0,-1,3,18,15,3,"ATL","SEA",2,0,0,1,0,1,80,-1,5,-4,-12,43,0,81,191,-2,"SEA","ATL",-10,10,"False","retractable roof (open)","fieldturf",0,0,0,-4,"SEA",-6,"2019-10-27",FALSE,20
"43","MIA",-2,-1,-92,1,1,3,10,-18,-17,-11,-49,-2,-26,-1,-2,-92,1,-45,1,0,-11,-9,2,-11,"MIA","PIT",0,0,0,0,0,0,-36,0,3,4,15,-64,-2,-47,-35,1,"MIA","PIT",-7,-4,"False","outdoors","grass",-6,-4,-5,3,"PIT",2,"2019-10-28",TRUE,-3
"44","CHI",-11,-19,2,-2,1,2,11,7,-11,31,145,1,66,-18,-11,2,-2,36,-1,2,29,14,-15,29,"CHI","LAC",-2,-1,0,0,1,0,-30,-7,-15,-2,102,43,3,-65,-43,-2,"LAC","CHI",-19,-9,"False","outdoors","grass",-2,-25,3,1,"CHI",4,"2019-10-27",FALSE,10
"45","CIN",10,9,53,0,-3,3,14,4,36,2,71,-1,13,6,10,53,0,31,-1,-1,3,14,11,3,"CIN","LAR",0,0,0,1,0,-1,128,2,9,3,72,-1,5,188,-45,-2,"CIN","LAR",-17,7,"False","outdoors","grass",-22,6,3,-8,"LAR",4,"2019-10-27",TRUE,-4
"46","PHI",1,-2,-19,0,-1,0,-4,8,24,13,103,3,76,-1,1,-19,0,-6,-2,1,12,11,-1,12,"PHI","BUF",1,0,0,0,0,0,-202,0,2,-3,67,36,1,-179,40,-1,"PHI","BUF",21,-24,"False","outdoors","astroturf",-18,42,23,2,"BUF",-11,"2019-10-27",FALSE,45
"47","DET",-5,-13,-22,-1,0,2,14,2,18,5,-22,0,0,-14,-5,-22,-1,-3,1,0,5,-6,-11,5,"DET","NYG",0,0,0,0,0,0,4,-3,-5,1,-24,2,1,-9,-44,0,"NYG","DET",-16,1,"False","dome","fieldturf",0,0,0,-4,"DET",6,"2019-10-27",FALSE,17
"48","LVR",-6,-1,-44,0,-1,0,0,-2,-141,-8,-62,0,-22,-1,-6,-44,0,-2,-1,-1,-7,-9,-2,-7,"LVR","HOU",0,0,0,0,-1,-1,-40,-2,-4,1,-14,-48,0,-41,58,2,"LVR","HOU",0,-15,"False","retractable roof (closed)","grass",17,-29,-6,0,"HOU",4,"2019-10-27",FALSE,15
"49","SEA",-6,-21,-59,1,-1,1,11,-25,66,7,45,1,9,-18,-6,-59,1,-85,-1,0,7,-13,-20,7,"SEA","ATL",0,0,0,0,0,1,-257,-11,-10,-6,-27,72,0,-215,7,-1,"SEA","ATL",-3,4,"False","retractable roof (open)","fieldturf",22,-34,-8,-4,"SEA",-1,"2019-10-27",FALSE,21
"50","NYJ",10,-2,132,2,-1,7,38,4,70,-6,-35,0,-6,-2,10,132,2,45,-2,0,-6,-1,5,-6,"NYJ","JAX",2,0,0,0,0,0,-165,-11,-3,-3,-27,-8,-1,-172,82,-1,"NYJ","JAX",-18,29,"False","outdoors","grass",14,-28,0,2,"JAX",-4,"2019-10-27",TRUE,19
"51","WAS",0,1,-19,0,-1,0,-4,-17,-52,7,42,0,0,1,0,-19,0,-20,-1,3,4,8,4,4,"WAS","BUF",0,0,0,0,1,0,5,3,-3,0,21,21,2,6,6,0,"WAS","BUF",0,5,"False","outdoors","astroturf",-30,11,18,6,"BUF",-5,"2019-11-03",TRUE,-5
"52","BUF",-2,-14,-9,-1,0,-2,0,21,29,19,24,2,-9,-11,-2,-9,-1,0,-1,-4,23,3,-20,23,"BUF","WAS",0,0,0,0,0,0,-116,-8,-5,1,22,2,-2,-72,10,0,"WAS","BUF",-22,11,"False","outdoors","astroturf",-12,-31,-5,-9,"BUF",-2,"2019-11-03",FALSE,33
"53","NYJ",6,9,42,-1,-2,-5,-29,-2,12,7,37,0,3,7,6,42,-1,11,0,0,7,11,4,7,"NYJ","MIA",-2,0,0,0,0,0,36,1,-2,-1,42,-5,0,14,17,1,"NYJ","MIA",3,-3,"False","outdoors","grass",13,19,11,4,"NYJ",3,"2019-11-03",FALSE,6
"54","ARI",-2,-10,21,2,0,-1,14,41,13,12,113,1,36,-9,-2,21,2,67,0,1,11,1,-10,11,"ARI","SFO",2,0,0,0,1,0,-185,-7,-5,-5,49,64,1,-201,111,0,"SFO","ARI",19,-6,"False","retractable roof (closed)","grass",0,0,0,2,"SFO",-4,"2019-10-31",FALSE,19
"55","CLE",7,11,79,0,-1,-3,-31,10,11,7,-69,0,-46,10,7,79,0,39,-2,1,6,15,9,6,"CLE","DEN",0,0,0,0,-1,0,-70,-2,-4,2,-30,-39,1,-79,123,2,"CLE","DEN",6,-3,"False","outdoors","grass",6,-59,-7,5,"CLE",-4,"2019-11-03",FALSE,9
"56","CIN",-16,-22,-162,0,1,-3,-15,-28,-20,18,53,0,7,-19,-16,-162,0,-58,2,2,16,-7,-23,16,"CIN","BAL",0,0,0,-1,1,0,-204,-2,2,-1,29,24,-4,-224,-33,-1,"BAL","CIN",39,-11,"False","outdoors","grass",8,-16,4,2,"BAL",-4,"2019-11-10",TRUE,-22
"57","CAR",-2,-5,74,2,-2,-4,-40,8,56,14,26,1,19,-7,-2,74,2,20,0,0,14,5,-9,14,"CAR","TEN",-1,0,0,0,0,1,73,-6,5,1,36,-10,3,66,-25,-1,"TEN","CAR",7,-21,"False","outdoors","grass",-8,14,-14,1,"CAR",2,"2019-11-03",FALSE,48
"58","MIA",3,2,98,1,-2,0,2,17,47,5,-10,0,7,3,3,98,1,23,-2,-1,6,7,1,6,"MIA","NYJ",0,0,0,0,0,0,44,-3,1,-3,-19,9,0,55,45,0,"NYJ","MIA",4,-1,"False","outdoors","grass",26,14,9,11,"NYJ",-2,"2019-11-03",FALSE,21
"59","WAS",4,13,70,2,1,2,15,23,-7,-3,-73,0,-19,10,4,70,2,63,0,-2,-1,12,13,-1,"WAS","NYJ",2,0,0,0,-1,0,113,-1,10,4,-39,-34,-1,69,5,6,"NYJ","WAS",25,-7,"False","outdoors","grass",1,2,-10,9,"WAS",0,"2019-11-17",TRUE,-2
"60","TEN",-14,-20,-150,1,-2,0,14,17,51,5,104,0,34,-18,-14,-150,1,-15,0,-1,6,-15,-21,6,"TEN","KAN",1,0,0,-1,1,0,-53,-3,-2,-1,-11,115,0,-53,-125,-2,"KAN","TEN",12,5,"False","outdoors","grass",5,1,4,-2,"KAN",6,"2019-11-10",FALSE,13
"61","JAX",6,0,-13,2,-1,-2,-10,3,33,-6,-45,0,-5,2,6,-13,2,-39,-2,-4,-2,-8,-6,-2,"JAX","IND",0,0,0,-1,0,1,42,-4,-8,-4,-14,-31,-1,19,1,-3,"JAX","IND",-13,30,"False","retractable roof (closed)","fieldturf",19,-9,-6,-1,"IND",-5,"2019-11-17",TRUE,3
"62","NWE",-3,2,-54,0,-1,-1,-10,15,145,5,0,-1,10,4,-3,-54,0,10,-1,0,5,6,1,5,"NWE","PHI",1,0,0,0,0,0,-4,2,-7,-1,-38,38,5,5,-1,3,"NWE","PHI",-3,-27,"False","outdoors","grass",-6,16,12,-1,"NWE",1,"2019-11-17",FALSE,24
"63","GNB",-6,-6,72,-1,0,-1,-14,31,-1,16,118,3,34,-7,-6,72,-1,66,0,0,16,9,-7,16,"GNB","CAR",-1,0,0,0,0,1,39,-3,9,-3,83,35,7,24,24,-1,"CAR","GNB",5,-2,"False","outdoors","grass",0,0,0,-1,"GNB",-1,"2019-11-10",FALSE,23
"64","NYG",0,-1,98,3,-1,1,11,-4,47,-5,-77,0,-26,-3,0,98,3,38,0,-2,-3,-5,-2,-3,"NYG","NYJ",4,0,0,1,0,1,0,-2,3,-2,-94,17,1,6,50,-2,"NYG","NYJ",-10,16,"False","outdoors","fieldturf ",-3,-8,-2,3,"NYG",-5,"2019-11-10",FALSE,12
"65","CIN",-3,1,-52,-1,0,3,25,-4,-27,-18,16,1,30,1,-3,-52,-1,-14,-1,-1,-17,-14,3,-17,"CIN","LVR",0,0,0,0,-1,0,-24,-3,-12,11,51,-35,-2,-19,-36,3,"CIN","LVR",-39,4,"False","outdoors","grass",20,-12,4,-3,"LVR",4,"2019-11-17",FALSE,29
"66","NOR",-5,-11,-76,3,0,-5,-37,2,-84,17,57,0,5,-10,-5,-76,3,30,0,0,17,1,-16,17,"NOR","TAM",0,0,0,0,0,0,-120,-4,4,1,34,23,0,-126,-19,0,"NOR","TAM",8,8,"False","outdoors","grass",-17,34,4,9,"NOR",-1,"2019-11-17",FALSE,34
"67","PIT",-10,-17,-18,0,-3,-1,-19,92,118,22,101,0,22,-21,-10,-18,0,13,0,2,20,4,-16,20,"PIT","CIN",0,0,0,0,0,0,-204,-3,-16,-5,17,84,0,-181,-22,-2,"PIT","CIN",9,-11,"False","outdoors","grass",10,5,0,-2,"PIT",-4,"2019-11-24",FALSE,20
"68","CAR",-8,-14,-69,3,-4,-1,-29,21,65,14,44,1,14,-15,-8,-69,3,-12,0,0,14,-1,-15,14,"CAR","NOR",0,0,0,-1,0,0,-107,-5,10,1,37,7,-2,-127,-11,0,"CAR","NOR",2,31,"False","dome","astroturf",21,-5,-11,-7,"NOR",-3,"2019-11-24",FALSE,23
"69","JAX",-1,1,-24,-2,-1,1,3,-7,-11,18,88,2,13,-2,-1,-24,-2,-12,0,2,16,20,4,16,"JAX","TEN",1,0,0,0,0,-1,-43,2,3,1,63,25,0,-71,-11,3,"JAX","TEN",7,9,"False","outdoors","grass",-20,9,9,-2,"TEN",1,"2019-11-24",TRUE,-2
"70","MIA",-11,-6,-109,2,2,-3,-21,-28,-26,7,69,-1,21,-6,-11,-109,2,-36,-1,5,2,-2,-4,2,"MIA","CLE",0,-1,0,-1,0,-1,19,5,3,-1,55,14,0,30,-56,-3,"MIA","CLE",-13,21,"False","outdoors","grass",-23,-1,1,-4,"CLE",4,"2019-11-24",TRUE,0
"71","CHI",0,-6,79,0,1,-1,2,21,-35,2,-9,1,17,-4,0,79,0,29,0,2,0,-5,-5,0,"CHI","NYG",2,0,0,0,0,1,15,1,-3,-6,-24,15,0,40,28,0,"NYG","CHI",7,2,"False","outdoors","grass",-31,39,12,-1,"CHI",1,"2019-11-24",FALSE,15
"72","HOU",1,0,129,2,0,-6,-58,31,1,4,-23,-1,-13,-2,1,129,2,52,-1,-2,6,-2,-8,6,"HOU","IND",0,0,0,0,0,1,196,-2,-11,1,1,-24,-1,139,-34,0,"IND","HOU",10,-21,"False","retractable roof (closed)","grass",28,-11,-10,1,"HOU",-5,"2019-11-21",FALSE,37
"73","ARI",-5,1,13,-2,1,2,20,0,-45,-4,-61,0,-2,0,-5,13,-2,6,-2,2,-6,-1,5,-6,"ARI","LAR",0,0,0,0,0,0,51,4,4,-4,-13,-48,0,37,12,-1,"LAR","ARI",8,-29,"False","retractable roof (closed)","grass",0,-1,0,8,"LAR",3,"2019-12-01",TRUE,-17
"74","TAM",-12,-23,0,1,-2,-2,-15,23,51,26,97,1,40,-22,-12,0,1,-3,0,3,23,1,-22,23,"TAM","ATL",0,0,0,0,0,1,-170,-7,-17,-2,29,68,5,-161,12,0,"TAM","ATL",1,5,"False","retractable roof (closed)","fieldturf",17,-34,-4,2,"ATL",1,"2019-11-24",FALSE,30
"75","WAS",-6,-5,-58,-2,0,-3,-31,-19,8,4,32,0,14,-3,-6,-58,-2,-63,1,1,3,-4,-7,3,"WAS","DET",-2,1,0,0,0,0,134,5,-5,-7,39,-7,-1,172,-36,-5,"DET","WAS",-18,2,"False","outdoors","grass",3,-2,9,-3,"DET",2,"2019-11-24",FALSE,20
"76","ATL",7,-5,-14,1,1,3,7,-51,-87,7,32,-1,-8,-6,7,-14,1,-39,0,2,5,5,0,5,"ATL","NOR",0,0,0,1,0,0,-186,-1,18,1,10,22,3,-185,-11,0,"NOR","ATL",-9,-4,"False","retractable roof (closed)","fieldturf",0,0,0,-4,"NOR",-3,"2019-11-28",FALSE,5
"77","DEN",8,3,52,2,0,-4,-33,6,52,8,-1,0,-8,2,8,52,2,-4,0,1,7,7,0,7,"DEN","LAC",0,0,0,0,0,0,37,-1,-3,3,-7,6,0,26,2,0,"LAC","DEN",17,3,"False","outdoors","grass",-7,-24,-10,-1,"LAC",2,"2019-12-01",FALSE,20
"78","MIA",7,1,152,2,-1,-1,-7,22,167,0,-34,0,5,1,7,152,2,36,0,-4,4,0,-4,4,"MIA","PHI",2,0,0,1,0,1,16,-3,-9,-3,-34,0,1,16,35,-1,"PHI","MIA",7,-4,"False","outdoors","grass",33,-28,-14,1,"PHI",0,"2019-12-01",FALSE,23
"79","LVR",1,-4,75,1,1,1,5,0,-43,3,54,0,13,-6,1,75,1,50,0,1,2,0,-2,2,"LVR","KAN",0,0,0,0,1,1,-30,-2,-4,6,38,16,0,-39,29,-3,"LVR","KAN",6,6,"False","outdoors","grass",-7,-38,8,-8,"KAN",4,"2019-12-01",TRUE,0
"80","JAX",-9,-7,-32,1,2,2,27,42,31,-10,-68,-2,-12,-6,-9,-32,1,20,2,-1,-9,-15,-6,-9,"JAX","TAM",0,0,0,0,0,0,-166,2,5,-2,-66,-2,2,-118,-3,-2,"TAM","JAX",8,-31,"False","outdoors","grass",20,-9,-9,1,"TAM",4,"2019-12-01",TRUE,5
"81","GNB",-2,-4,124,3,0,-5,-38,21,-31,-2,-38,0,-17,-3,-2,124,3,55,-1,0,-2,-11,-9,-2,"GNB","NYG",-2,0,0,0,0,1,32,1,1,1,-59,21,0,44,-38,-1,"GNB","NYG",23,-24,"False","outdoors","fieldturf ",-31,46,3,-3,"GNB",-5,"2019-12-01",FALSE,47
"82","LAR",7,8,215,2,-2,-1,-3,13,114,21,110,1,11,5,7,215,2,68,0,0,21,28,7,21,"LAR","ARI",0,0,0,1,0,2,-86,-3,-9,0,102,8,2,-114,168,1,"LAR","ARI",-11,1,"False","retractable roof (closed)","grass",10,-19,-5,1,"LAR",0,"2019-12-01",FALSE,66
"83","DAL",-5,0,-21,-1,-1,-2,-24,0,-8,3,-21,2,-12,-3,-5,-21,-1,-20,-1,-3,6,1,-5,6,"DAL","CHI",-2,0,0,0,0,1,182,8,-3,-1,9,-30,-7,138,-60,-1,"DAL","CHI",-2,16,"False","outdoors","grass",-28,21,9,3,"DAL",-3,"2019-12-05",FALSE,4
"84","NYJ",-8,-12,31,2,1,-3,-22,19,15,15,50,0,1,-10,-8,31,2,60,0,-2,17,0,-17,17,"NYJ","MIA",0,0,0,0,0,0,38,-1,5,0,36,14,-1,64,48,-4,"MIA","NYJ",15,0,"False","outdoors","fieldturf ",-5,-30,-6,-3,"NYJ",4,"2019-12-08",FALSE,17
"85","IND",-6,-4,-68,1,-2,-2,-2,24,19,-2,-16,0,-10,-2,-6,-68,1,0,0,3,-5,-8,-3,-5,"IND","TAM",2,0,0,-1,0,0,37,-1,7,-7,0,-16,-3,70,-67,1,"IND","TAM",4,21,"False","outdoors","grass",6,13,9,-2,"TAM",5,"2019-12-08",FALSE,11
"86","ARI",1,-4,31,2,2,-1,-10,8,11,1,-3,-1,7,-5,1,31,2,27,0,1,0,-4,-4,0,"ARI","PIT",0,0,0,0,0,0,34,-4,-3,-1,-35,32,2,6,4,1,"PIT","ARI",-11,10,"False","retractable roof (closed)","grass",0,0,0,0,"PIT",-4,"2019-12-08",FALSE,21
"87","JAX",2,-3,-69,0,-2,-3,-40,-38,75,6,39,0,6,-1,2,-69,0,-45,-2,5,1,0,-1,1,"JAX","LAC",-1,0,0,0,0,0,-5,0,-7,2,13,26,-1,4,-60,0,"LAC","JAX",17,-1,"False","outdoors","grass",0,0,0,0,"LAC",-4,"2019-12-08",TRUE,-18
"88","LVR",5,4,40,1,-2,0,-8,21,44,-1,-25,1,-14,3,5,40,1,30,0,0,-1,3,4,-1,"LVR","TEN",0,0,0,0,-1,-1,77,2,-1,-6,-41,16,-2,78,-11,0,"TEN","LVR",33,-19,"False","outdoors","grass",23,23,-15,8,"TEN",-2,"2019-12-08",TRUE,10
"89","NYG",-5,-7,-37,1,-3,2,21,12,45,-7,-22,0,-9,-7,-5,-37,1,-61,0,-1,-6,-12,-6,-6,"NYG","PHI",0,0,0,0,0,1,-9,-4,-2,-1,16,-38,1,-7,-21,0,"NYG","PHI",-14,10,"True","outdoors","grass",21,1,1,-3,"PHI",2,"2019-12-09",FALSE,12
"90","CAR",-3,1,-16,0,1,-4,-40,-17,22,7,45,1,4,-1,-3,-16,0,-31,-1,0,7,4,-3,7,"CAR","SEA",0,0,0,0,0,1,-139,0,1,4,24,21,0,-144,16,1,"SEA","CAR",10,-16,"False","outdoors","grass",-16,0,5,-3,"SEA",0,"2019-12-15",FALSE,14
"91","HOU",-9,-23,-49,1,0,-2,-3,-8,29,13,6,-1,-20,-22,-9,-49,1,-1,-1,-2,15,-12,-27,15,"HOU","TEN",0,0,0,0,1,0,-163,-5,-12,-7,-22,28,0,-152,-65,-3,"HOU","TEN",-14,-3,"False","outdoors","grass",-27,26,4,5,"TEN",8,"2019-12-15",FALSE,17
"92","JAX",-8,-9,30,1,0,0,9,24,-85,-1,-11,0,13,-9,-8,30,1,37,0,-2,1,-10,-11,1,"JAX","LVR",0,0,0,0,0,0,32,-2,-1,-1,-8,-3,0,27,27,0,"JAX","LVR",-25,6,"False","outdoors","grass",-13,7,7,-4,"LVR",5,"2019-12-15",FALSE,39
"93","DET",0,3,55,-1,0,-3,-34,25,-6,-4,-25,2,14,5,0,55,-1,57,1,3,-7,-4,3,-7,"DET","TAM",0,0,0,0,0,1,87,2,14,0,-9,-16,-1,104,13,0,"TAM","DET",31,-3,"False","dome","fieldturf",0,0,0,7,"TAM",3,"2019-12-15",TRUE,-8
"94","LVR",-3,2,5,-1,0,2,27,-9,-22,8,31,-1,3,1,-3,5,-1,10,-1,-2,10,12,2,10,"LVR","JAX",0,0,0,0,0,1,-10,-2,3,0,14,17,3,-85,54,4,"JAX","LVR",-22,-5,"False","outdoors","grass",0,-26,2,-4,"LVR",0,"2019-12-15",FALSE,17
"95","SEA",-2,-9,41,2,0,-3,-31,23,68,13,48,2,4,-8,-2,41,2,25,0,-3,16,1,-15,16,"SEA","CAR",0,0,0,0,1,1,-82,-1,-16,0,10,38,1,-52,28,-1,"SEA","CAR",18,-4,"False","outdoors","grass",-4,-34,1,-5,"SEA",1,"2019-12-15",FALSE,22
"96","NYJ",-2,-6,-35,-1,-1,1,-2,-9,10,8,-18,0,-5,-4,-2,-35,-1,-30,0,0,8,3,-5,8,"NYJ","PIT",-2,0,0,0,0,0,-35,-2,-4,-3,-34,16,0,-35,-5,2,"PIT","NYJ",-11,-26,"False","outdoors","fieldturf ",12,-3,3,14,"PIT",-8,"2019-12-22",FALSE,27
"97","CIN",16,25,245,3,-4,4,25,10,65,-7,-105,0,-31,25,16,245,3,53,0,0,-7,22,29,-7,"CIN","MIA",3,0,0,1,-1,1,335,8,-2,2,-46,-59,-4,361,32,1,"CIN","MIA",1,25,"True","outdoors","grass",40,10,9,9,"CIN",4,"2019-12-22",FALSE,18
"98","CLE",-10,-10,-55,0,0,0,2,7,-6,-4,-95,-1,-23,-10,-10,-55,0,-12,-1,-1,-3,-14,-11,-3,"CLE","BAL",0,0,0,0,-1,0,39,-3,7,-2,-58,-37,-4,33,-47,0,"BAL","CLE",7,-23,"False","outdoors","grass",-23,-4,10,-6,"BAL",-1,"2019-12-22",TRUE,-2
"99","LAR",-7,-6,34,0,0,-2,-22,-4,-86,10,50,1,14,-12,-7,34,0,0,0,4,6,2,-4,6,"LAR","SFO",-1,0,0,1,0,1,-20,0,0,8,27,23,-2,-21,-14,-4,"LAR","SFO",10,-10,"False","outdoors","grass",-14,21,12,-6,"SFO",-3,"2019-12-21",FALSE,20
"100","DET",-12,-19,-143,1,-2,2,12,-13,24,3,51,-2,6,-20,-12,-143,1,-88,-1,-3,6,-14,-20,6,"DET","DEN",0,0,0,0,0,-1,-104,-4,-17,-2,40,11,1,-112,-11,-1,"DET","DEN",-21,10,"False","outdoors","grass",-5,-37,3,-4,"DEN",-6,"2019-12-22",TRUE,11
"101","DEN",8,-6,-10,1,-1,-2,-9,-17,141,18,98,2,20,-6,8,-10,1,-36,0,2,16,10,-6,16,"DEN","DET",0,0,0,0,1,0,-18,-10,-17,3,45,53,2,-19,-53,-3,"DET","DEN",14,4,"False","outdoors","grass",43,-80,-5,1,"DEN",-3,"2019-12-22",FALSE,30
"102","MIA",8,11,140,2,1,-1,-4,22,10,9,-26,1,-7,10,8,140,2,67,-1,-3,12,19,7,12,"MIA","CIN",0,0,0,1,0,1,186,7,4,0,-11,-15,1,194,2,-5,"CIN","MIA",15,2,"True","outdoors","grass",28,26,-4,2,"CIN",-1,"2019-12-22",FALSE,19
"103","LAC",-1,0,-28,-1,-3,-2,-10,-16,18,-3,-43,2,-19,-1,-1,-28,-1,-32,-4,0,-3,-5,-2,-3,"LAC","LVR",0,0,0,-1,0,0,-131,-3,-5,0,-8,-35,0,-134,49,3,"LVR","LAC",-15,7,"False","outdoors","grass",0,32,-4,-6,"LAC",0,"2019-12-22",FALSE,22
"104","WAS",10,10,41,1,0,2,11,2,242,4,-21,1,-1,10,10,41,1,20,-1,-1,5,16,11,5,"WAS","NYG",0,0,0,0,0,-1,113,3,8,-10,-55,34,-2,93,-37,-2,"NYG","WAS",4,8,"True","outdoors","grass",-8,8,-7,6,"NYG",4,"2019-12-22",FALSE,4
"105","IND",-4,-7,-46,0,0,2,7,-3,-3,15,172,2,72,-9,-4,-46,0,-5,0,1,14,10,-4,14,"IND","CAR",0,2,0,0,0,0,-22,-3,-8,3,92,80,0,-74,-31,2,"CAR","IND",-1,4,"False","retractable roof (closed)","fieldturf",0,0,0,1,"IND",-2,"2019-12-22",FALSE,59
"106","JAX",13,7,107,2,1,0,-6,-4,-61,0,-48,0,-23,8,13,107,2,16,0,-4,4,7,3,4,"JAX","IND",1,0,0,0,0,0,-9,-8,-4,-1,-30,-18,0,-6,32,6,"IND","JAX",8,14,"False","outdoors","grass",0,0,0,2,"IND",-7,"2019-12-29",FALSE,30
"107","CHI",8,3,50,0,0,1,4,12,19,12,57,1,8,2,8,50,0,0,1,0,12,16,4,12,"CHI","MIN",0,0,0,0,1,0,-61,0,-7,5,40,17,0,-68,10,-6,"CHI","MIN",-5,16,"False","dome","sportturf",27,-21,-10,1,"CHI",-9,"2019-12-29",FALSE,25
"108","CLE",-8,-6,87,1,2,5,32,23,-5,1,17,0,1,-8,-8,87,1,61,0,3,-2,0,2,-2,"CLE","CIN",0,0,0,0,0,0,129,3,-14,4,26,-9,2,117,-18,-1,"CLE","CIN",-8,18,"False","outdoors","grass",15,39,-3,7,"CLE",-4,"2019-12-29",TRUE,6
"109","CAR",-2,4,63,0,-1,-3,-26,4,-90,-3,-46,1,-14,7,-2,63,0,61,1,1,-4,-2,2,-4,"CAR","NOR",0,0,0,0,0,-1,-39,3,10,-5,-34,-12,1,13,-13,2,"NOR","CAR",36,-28,"False","outdoors","grass",-9,44,9,-6,"NOR",-1,"2019-12-29",TRUE,0
"110","DET",1,6,24,0,1,-3,-15,26,120,4,75,1,47,6,1,24,0,32,0,2,2,7,5,2,"DET","GNB",0,0,0,0,0,0,28,3,3,0,8,67,3,19,-15,1,"GNB","DET",6,-7,"False","dome","fieldturf",5,37,-3,-4,"GNB",4,"2019-12-29",FALSE,7
"111","TEN",-3,-6,-50,-1,0,-5,-24,34,116,13,96,2,-2,-4,-3,-50,-1,-65,-1,1,12,2,-10,12,"TEN","HOU",0,0,0,0,1,1,43,4,-3,-3,124,-28,2,59,-51,-4,"TEN","HOU",-3,-14,"False","retractable roof (closed)","grass",22,-14,-4,-7,"TEN",-6,"2019-12-29",FALSE,31
"112","SEA",9,9,64,1,0,-4,-26,1,17,10,34,1,-34,9,9,64,1,-18,-1,6,4,15,11,4,"SEA","SFO",0,0,0,0,0,0,-50,0,1,4,40,-6,-1,-36,-25,1,"SFO","SEA",-1,8,"False","outdoors","fieldturf",8,-17,-4,5,"SFO",-4,"2019-12-29",FALSE,9
"113","MIN",-4,-11,4,-1,1,-5,-40,7,-63,10,117,1,50,-10,-4,4,-1,15,1,0,10,-6,-16,10,"MIN","CHI",0,0,0,0,1,0,-119,-6,-1,5,16,101,2,-178,17,2,"CHI","MIN",-2,9,"False","dome","sportturf",0,0,0,-1,"CHI",-11,"2019-12-29",FALSE,11
"114","CAR",-4,-15,-30,1,-2,-1,-1,31,26,12,88,1,13,-15,-4,-30,1,-17,-1,0,12,-4,-16,12,"CAR","LVR",2,0,0,0,0,1,-94,-4,-9,-2,48,40,8,-94,-23,-1,"LVR","CAR",-8,20,"False","outdoors","grass",18,-30,-4,10,"LVR",3,"2020-09-13",FALSE,28
"115","CLE",9,12,-90,-2,-2,-4,-19,-28,-14,7,64,0,34,11,9,-90,-2,-56,2,-3,10,15,5,10,"CLE","BAL",0,0,0,0,0,0,-64,-1,13,-1,18,46,2,-96,-29,0,"CLE","BAL",-17,5,"False","outdoors","grass",12,-8,-2,-5,"BAL",3,"2020-09-13",TRUE,-22
"116","WAS",-1,-6,-28,0,-1,1,-4,-44,19,16,-8,2,0,-5,-1,-28,0,-57,-1,2,14,11,-3,14,"WAS","PHI",0,0,0,0,0,0,7,3,-3,-2,7,-15,0,16,-10,-3,"PHI","WAS",1,-20,"False","outdoors","grass",4,23,5,7,"PHI",-6,"2020-09-13",FALSE,41
"117","HOU",-1,-11,22,1,-1,3,-5,20,56,8,32,-1,0,-7,-1,22,1,37,1,2,6,0,-6,6,"HOU","BUF",3,0,0,0,0,0,-92,-5,-2,-6,0,32,2,-34,-33,1,"BUF","HOU",-16,8,"True","retractable roof (closed)","grass",0,0,0,8,"HOU",0,"2020-01-04",FALSE,24
"118","IND",24,21,201,1,2,-2,-13,2,19,-5,-44,-1,3,22,24,201,1,67,-2,-1,-4,14,18,-4,"IND","JAX",0,0,0,1,0,0,92,-1,4,-3,-24,-20,1,93,113,-2,"IND","JAX",0,-11,"False","outdoors","grass",8,40,3,-2,"IND",3,"2020-09-13",FALSE,11
"119","LAC",-15,-16,-73,-2,-2,-1,-22,14,-5,14,47,0,-8,-15,-15,-73,-2,21,0,1,13,-3,-16,13,"LAC","CIN",0,0,0,0,0,0,21,-4,-1,4,-2,49,1,12,-90,1,"LAC","CIN",-5,-18,"False","outdoors","grass",43,-14,-10,8,"LAC",-5,"2020-09-13",FALSE,13
"120","NYG",-2,-6,-22,1,1,-1,-9,8,3,-1,-93,-1,-68,-8,-2,-22,1,25,-1,2,-3,-8,-5,-3,"NYG","PIT",0,0,0,-1,0,1,-289,-2,12,4,-4,-89,0,-277,47,3,"PIT","NYG",-8,-1,"False","outdoors","fieldturf ",29,-25,0,-2,"PIT",0,"2020-09-14",TRUE,7
"121","PIT",12,7,134,3,0,0,3,7,70,7,50,-1,33,11,12,134,3,52,-1,1,6,14,8,6,"PIT","NYG",0,0,0,0,1,0,89,-3,-11,4,50,0,3,86,30,-1,"PIT","NYG",16,-12,"False","outdoors","fieldturf ",25,-47,-2,-4,"PIT",9,"2020-09-14",FALSE,28
"122","BAL",-10,-33,-81,2,-2,-2,-6,18,193,1,-74,2,-9,-28,-10,-81,2,-22,0,-6,7,-34,-41,7,"BAL","CLE",0,0,0,-1,-1,0,-406,-6,0,5,-60,-14,0,-372,-15,-7,"CLE","BAL",-22,26,"False","outdoors","grass",7,2,-7,3,"BAL",0,"2020-09-13",FALSE,48
"123","MIN",-2,-4,87,1,0,-4,-35,-4,34,12,113,2,40,-4,-2,87,1,23,0,4,8,4,-4,8,"MIN","GNB",4,0,0,0,0,1,89,0,-3,-2,91,22,2,90,-13,1,"GNB","MIN",33,7,"False","dome","sportturf",16,-22,-11,6,"MIN",0,"2020-09-13",FALSE,8
"124","HOU",-11,-20,-135,-1,1,-1,-29,-23,-11,1,24,1,9,-19,-11,-135,-1,-83,-1,1,0,-20,-20,0,"HOU","KAN",0,0,0,-1,0,0,-182,-5,2,-1,-11,35,-3,-175,-21,0,"HOU","KAN",-11,-17,"False","outdoors","astroturf",-16,50,7,1,"KAN",3,"2020-09-10",TRUE,6
"125","TEN",7,11,12,0,0,-2,-25,-42,-129,11,45,-1,0,8,7,12,0,-69,0,-1,12,20,8,12,"TEN","DEN",0,0,0,0,1,1,-3,0,-7,2,36,9,1,-41,-15,3,"TEN","DEN",-8,-21,"False","outdoors","grass",7,-31,10,4,"TEN",-10,"2020-09-14",FALSE,13
"126","GNB",1,5,38,2,-2,-3,-30,-20,30,16,96,0,54,4,1,38,2,-31,-1,0,16,18,2,16,"GNB","MIN",0,0,0,0,0,0,59,1,16,1,66,30,2,64,-25,2,"GNB","MIN",23,-3,"False","dome","sportturf",14,-11,-5,7,"MIN",-2,"2020-09-13",FALSE,26
"127","HOU",5,4,22,0,0,0,11,7,5,-5,-67,-2,-22,3,5,22,0,0,1,1,-6,-1,5,-6,"HOU","BAL",0,0,0,0,0,-1,0,1,5,-2,-20,-47,0,13,-20,-4,"BAL","HOU",13,-18,"False","retractable roof (closed)","grass",16,-50,-7,2,"BAL",-4,"2020-09-20",TRUE,-3
"128","ATL",-13,-17,-177,2,-1,-1,-10,-2,67,13,41,-1,5,-16,-13,-177,2,-6,-1,4,9,-5,-14,9,"ATL","DAL",0,0,0,-1,0,-2,-147,-1,-11,2,31,10,0,-118,-1,-1,"ATL","DAL",1,15,"False","retractable roof (closed)","fieldturf",0,0,0,-2,"DAL",4,"2020-09-20",FALSE,12
"129","NYJ",0,-3,-36,0,-1,-2,-7,-39,15,14,52,-1,21,-1,0,-36,0,-45,-1,0,14,9,-5,14,"NYJ","SFO",0,0,0,0,0,-1,-113,-3,-9,0,17,35,1,-113,-40,1,"SFO","NYJ",14,-14,"False","outdoors","fieldturf ",-6,-64,-8,-1,"SFO",2,"2020-09-20",TRUE,-8
"130","TAM",0,-1,-22,-1,-1,-3,-15,13,2,-4,36,2,12,1,0,-22,-1,2,1,-1,-3,-8,-5,-3,"TAM","CAR",0,0,0,0,1,1,-58,-5,-3,-2,-33,69,0,-58,20,8,"CAR","TAM",-6,-3,"False","outdoors","grass",13,27,17,-3,"TAM",-1,"2020-09-20",FALSE,25
"131","MIA",11,17,137,2,-3,2,8,6,56,-5,12,0,1,16,11,137,2,7,0,-1,-4,14,18,-4,"MIA","BUF",1,0,0,1,0,1,62,1,9,0,-5,17,0,62,62,2,"BUF","MIA",20,7,"False","outdoors","grass",20,6,-3,2,"BUF",1,"2020-09-20",FALSE,7
"132","CLE",-5,-16,30,1,0,-2,-21,15,45,8,77,3,9,-14,-5,30,1,20,-2,0,8,-10,-18,8,"CLE","CIN",0,0,0,0,1,0,-148,-2,-7,-1,17,60,-2,-104,39,-1,"CIN","CLE",24,-3,"False","outdoors","grass",-11,-20,3,1,"CLE",-3,"2020-09-17",FALSE,37
"133","PHI",2,1,-28,-2,0,-8,-62,-30,-16,9,64,2,7,-1,2,-28,-2,-49,0,1,8,2,-6,8,"PHI","LAR",0,0,0,0,0,-1,-239,-8,-11,0,53,11,-1,-262,-2,1,"LAR","PHI",20,-8,"False","outdoors","grass",-14,-34,7,3,"PHI",5,"2020-09-20",TRUE,-8
"134","NYG",-1,-1,-38,-2,-1,1,4,-17,-11,-2,46,1,21,-3,-1,-38,-2,-35,1,0,-2,-2,0,-2,"NYG","CHI",0,0,0,0,0,-1,22,-1,-12,-8,17,29,1,-1,-36,-2,"NYG","CHI",-13,1,"False","outdoors","grass",-5,-3,7,2,"CHI",-2,"2020-09-20",FALSE,6
"135","MIN",5,1,138,3,-1,-1,-5,47,81,15,146,0,41,2,5,138,3,52,1,1,14,15,1,14,"MIN","TEN",-1,0,0,0,1,1,-75,-2,8,2,60,86,1,-40,102,-1,"TEN","MIN",20,2,"False","dome","sportturf",0,0,0,0,"TEN",0,"2020-09-27",FALSE,16
"136","WAS",2,4,1,1,3,-1,-6,3,-30,-1,-14,0,23,3,2,1,1,27,0,0,-1,2,3,-1,"WAS","CLE",0,0,0,0,0,-1,-38,1,-7,1,-3,-11,-8,-39,11,0,"WAS","CLE",5,4,"False","outdoors","grass",1,19,18,0,"CLE",-1,"2020-09-27",TRUE,1
"137","DET",2,-2,26,0,-1,0,12,-9,28,6,1,-1,-7,1,2,26,0,35,0,-1,7,4,-3,7,"DET","ARI",0,0,0,0,0,0,-37,0,4,-4,-1,2,2,-37,13,-1,"DET","ARI",5,-19,"False","retractable roof (closed)","grass",6,4,-12,3,"ARI",4,"2020-09-27",FALSE,24
"138","HOU",-6,-9,-11,1,0,1,11,-4,21,-2,-22,1,-6,-7,-6,-11,1,23,-1,-4,2,-10,-12,2,"HOU","PIT",0,0,0,0,0,0,2,-1,-11,1,-21,-1,2,13,-30,0,"HOU","PIT",-12,12,"False","outdoors","grass",7,24,6,4,"PIT",-3,"2020-09-27",FALSE,10
"139","NYJ",-4,-3,-11,0,3,1,11,-2,-43,0,5,0,-15,-6,-4,-11,0,-7,0,4,-4,-2,2,-4,"NYJ","IND",0,0,0,0,0,0,38,0,-8,1,39,-34,0,27,23,-2,"NYJ","IND",-24,23,"False","retractable roof (closed)","fieldturf",11,16,-7,-5,"IND",3,"2020-09-27",TRUE,-11
"140","PHI",3,4,-17,1,0,3,19,5,6,10,51,-1,24,3,3,-17,1,12,-1,5,5,17,12,5,"PHI","CIN",0,0,0,0,0,0,75,3,8,2,20,31,2,70,-10,-3,"CIN","PHI",-14,4,"True","outdoors","grass",14,48,-7,-3,"PHI",0,"2020-09-27",FALSE,18
"141","CAR",-11,-14,-132,1,-2,-3,-13,-1,30,-3,-6,-2,24,-13,-11,-132,1,-19,-2,1,-4,-20,-16,-4,"CAR","LAC",0,0,0,-1,0,-2,-171,-1,-11,-1,4,-10,6,-158,-13,1,"CAR","LAC",4,-15,"False","dome","matrixturf",-13,-27,-17,1,"LAC",-4,"2020-09-27",FALSE,19
"142","NOR",3,-2,-24,2,-1,2,13,23,36,1,10,-2,19,-2,3,-24,2,-20,1,0,1,1,0,1,"NOR","GNB",-1,0,0,-1,0,1,-44,-5,-4,1,15,-5,-2,-36,-50,0,"GNB","NOR",13,-4,"False","dome","astroturf",0,0,0,1,"NOR",5,"2020-09-27",FALSE,3
"143","JAX",-3,-2,76,2,0,-1,-18,9,22,3,17,-2,-6,-6,-3,76,2,48,-1,-1,4,0,-4,4,"JAX","CIN",0,0,0,1,0,0,-9,-3,1,-1,11,6,2,-28,-15,-2,"JAX","CIN",-6,20,"False","outdoors","grass",-17,-17,-6,1,"CIN",1,"2020-10-04",FALSE,10
"144","WAS",11,8,90,-2,-3,0,22,7,32,0,-34,1,-27,8,11,90,-2,23,-1,-1,1,8,7,1,"WAS","BAL",0,0,0,1,0,1,-45,-1,11,1,-10,-24,-3,-45,59,-3,"BAL","WAS",11,-17,"False","outdoors","grass",-8,-19,-13,-7,"BAL",0,"2020-10-04",TRUE,0
"145","NYJ",8,15,78,-1,-3,4,37,18,123,-5,20,1,24,17,8,78,-1,9,0,0,-5,14,19,-5,"NYJ","DEN",0,0,0,0,0,1,257,6,20,0,-21,41,-1,257,-54,0,"DEN","NYJ",30,-8,"False","outdoors","fieldturf ",-8,10,6,11,"NYJ",-3,"2020-10-01",FALSE,20
"146","DEN",-6,-8,13,1,1,-6,-45,-2,-55,18,75,2,36,-10,-6,13,1,3,0,-2,20,4,-16,20,"DEN","NYJ",0,0,0,0,1,1,40,-7,-19,0,54,21,1,15,-32,-2,"DEN","NYJ",9,18,"False","outdoors","fieldturf ",9,16,-1,5,"NYJ",-1,"2020-10-01",FALSE,27
"147","LVR",8,12,50,0,0,0,2,3,-12,1,-40,0,-17,11,8,50,0,-1,-1,2,-1,13,14,-1,"LVR","BUF",0,0,0,1,0,0,20,4,9,-6,-19,-21,-2,20,23,3,"BUF","LVR",10,-13,"False","dome","grass",-1,-36,-8,4,"BUF",6,"2020-10-04",FALSE,9
"148","NYG",6,4,11,0,0,3,17,4,9,10,70,0,29,5,6,11,0,-13,-2,3,7,17,10,7,"NYG","LAR",0,0,0,0,0,0,-281,-2,5,-4,49,21,1,-268,79,2,"NYG","LAR",-27,8,"False","dome","matrixturf",-3,-27,-2,-10,"LAR",6,"2020-10-04",FALSE,19
"149","BAL",0,-5,111,1,2,-3,-25,29,153,11,-14,2,19,-4,0,111,1,37,-1,0,11,3,-8,11,"BAL","WAS",0,-1,0,0,0,0,106,-1,-8,-1,-54,40,-1,114,19,-4,"BAL","WAS",-3,-3,"False","outdoors","grass",-8,-39,-3,-11,"BAL",-10,"2020-10-04",FALSE,28
"150","ARI",3,6,247,-2,1,0,11,20,-13,7,-2,3,-11,4,3,247,-2,110,-1,-3,10,13,3,10,"ARI","NYJ",0,0,0,1,0,1,123,0,3,2,10,-12,0,104,89,0,"ARI","NYJ",9,-21,"False","outdoors","fieldturf ",-4,9,0,-4,"ARI",-4,"2020-10-11",FALSE,30
"151","DAL",-17,-25,-214,-3,0,-1,-9,32,219,11,41,1,-14,-25,-17,-214,-3,-44,-1,-1,12,-15,-27,12,"DAL","NYG",-4,0,0,-1,0,0,-274,-6,-9,-9,-5,46,1,-274,-132,-1,"NYG","DAL",-15,-1,"False","retractable roof (closed)","fieldturf",0,0,0,-4,"DAL",-4,"2020-10-11",FALSE,14
"152","WAS",-14,-15,-203,0,0,5,1,-10,52,-8,-31,-1,-12,-16,-14,-203,0,-75,-1,2,-10,-18,-8,-10,"WAS","LAR",0,0,0,-1,0,-1,-61,-4,-3,1,-23,-8,1,-78,-102,1,"LAR","WAS",-1,-7,"False","outdoors","grass",4,37,-3,7,"LAR",0,"2020-10-11",TRUE,-6
"153","ATL",-7,-2,-59,0,1,-2,-17,5,-29,-1,88,-1,25,-4,-7,-59,0,-32,0,-2,1,-5,-6,1,"ATL","CAR",0,0,0,0,1,1,-85,1,0,2,5,83,-3,-82,-27,2,"CAR","ATL",7,-14,"False","retractable roof (closed)","fieldturf",19,-1,-9,3,"ATL",-3,"2020-10-11",FALSE,7
"154","NWE",-1,-10,5,-1,-1,2,6,-14,72,-10,-68,1,-33,-8,-1,5,-1,24,0,1,-11,-18,-7,-11,"NWE","DEN",0,0,0,0,-1,0,-149,-1,-1,1,-64,-4,-1,-129,49,-4,"DEN","NWE",8,-14,"False","outdoors","grass",-15,6,-7,4,"NWE",-5,"2020-10-18",FALSE,10
"155","JAX",-6,-5,-58,-1,1,-3,0,0,-24,-4,-31,1,-13,0,-6,-58,-1,-65,-1,-1,-3,-12,-9,-3,"JAX","DET",0,0,0,-1,0,1,122,2,-5,7,-15,-16,-1,127,-46,2,"DET","JAX",20,-14,"False","outdoors","grass",6,33,10,3,"DET",-3,"2020-10-18",TRUE,-2
"156","NYJ",3,11,-9,-1,1,0,5,-30,-32,-6,-8,0,15,8,3,-9,-1,-14,0,-4,-2,5,7,-2,"NYJ","MIA",0,0,0,0,0,-1,74,0,14,-9,-7,-1,-2,60,3,0,"NYJ","MIA",-30,14,"False","outdoors","grass",21,9,7,-3,"MIA",-2,"2020-10-18",TRUE,-4
"157","CIN",6,9,130,0,0,-5,-35,41,12,4,28,3,33,10,6,130,0,39,-2,-1,5,8,3,5,"CIN","IND",0,0,0,1,0,1,124,-7,-16,-3,23,5,1,138,45,3,"CIN","IND",24,4,"False","retractable roof (closed)","fieldturf",3,-47,-3,5,"IND",-3,"2020-10-18",FALSE,20
"158","SFO",7,-2,97,2,-2,-5,-43,5,25,18,-9,-1,-26,-3,7,97,2,59,-1,1,17,11,-6,17,"SFO","LAR",0,0,0,0,0,1,-171,-6,-8,0,-4,-5,-2,-171,130,1,"LAR","SFO",-27,7,"False","outdoors","grass",14,-23,10,6,"LAR",1,"2020-10-18",FALSE,34
"159","WAS",13,12,169,2,1,-5,-12,-1,-45,10,48,-1,16,12,13,169,2,68,1,0,10,17,7,10,"WAS","NYG",0,0,0,0,0,0,105,1,-2,-1,23,25,0,109,47,-1,"WAS","NYG",-11,10,"False","outdoors","fieldturf ",-7,-34,-2,5,"NYG",-3,"2020-10-18",FALSE,19
"160","BUF",-15,-19,-163,0,-1,-1,-10,-11,-75,1,-11,0,-20,-20,-15,-163,0,-50,-1,2,-1,-19,-18,-1,"BUF","KAN",0,0,0,0,0,-1,-134,1,9,6,-5,-6,4,-129,-23,-3,"KAN","BUF",10,-25,"False","outdoors","astroturf",-22,60,3,-2,"KAN",3,"2020-10-19",FALSE,17
"161","JAX",-11,-17,-70,1,-1,4,7,-15,26,11,96,0,14,-20,-11,-70,1,49,-1,2,9,-2,-11,9,"JAX","LAC",1,0,0,0,1,-1,-165,-1,1,-6,46,50,3,-173,-44,-2,"JAX","LAC",-5,23,"False","dome","matrixturf",-6,-33,-10,-5,"LAC",-4,"2020-10-25",TRUE,8
"162","NYJ",-9,-21,-66,0,1,3,-9,0,-19,0,-15,1,-28,-18,-9,-66,0,-20,0,0,0,-18,-18,0,"NYJ","BUF",0,0,0,0,0,0,-247,-4,-15,2,-11,-4,1,-223,-59,-2,"BUF","NYJ",18,-14,"False","outdoors","fieldturf ",-33,-14,-7,1,"BUF",1,"2020-10-25",FALSE,16
"163","MIN",-13,-22,-183,-2,-3,0,-1,1,48,21,141,3,23,-21,-13,-183,-2,-41,0,0,21,-1,-22,21,"MIN","GNB",-3,0,0,-1,1,-1,-305,-4,0,-1,66,75,5,-307,-6,1,"MIN","GNB",-12,-1,"False","outdoors","grass",-38,5,23,-2,"GNB",-6,"2020-11-01",FALSE,23
"164","CLE",8,1,151,4,-1,-4,-20,-6,137,0,7,0,-18,2,8,151,4,29,0,-1,1,-3,-4,1,"CLE","CIN",0,0,0,0,0,1,142,-4,-2,-2,5,2,2,144,28,0,"CLE","CIN",30,-4,"False","outdoors","grass",-13,34,-1,-1,"CLE",0,"2020-10-25",FALSE,34
"165","GNB",7,-1,123,4,-2,-5,-53,25,97,6,2,0,-33,3,7,123,4,30,0,-2,8,0,-8,8,"GNB","HOU",0,0,0,0,0,1,-65,3,-7,0,4,-2,-1,-65,86,-2,"GNB","HOU",25,-18,"False","retractable roof (closed)","grass",-16,-3,-12,1,"GNB",0,"2020-10-25",FALSE,43
"166","DAL",-23,-32,-152,-1,-1,3,36,23,80,-1,-14,0,-2,-31,-23,-152,-1,-60,-2,1,-2,-30,-28,-2,"DAL","WAS",0,0,0,0,0,0,-141,-4,-14,0,-27,13,-1,-141,-101,-1,"DAL","WAS",-35,15,"False","outdoors","grass",-26,45,5,0,"DAL",-11,"2020-10-25",TRUE,6
"167","DEN",2,1,-6,3,-1,-1,-15,16,37,-17,-69,-1,15,0,2,-6,3,-29,-2,0,-17,-17,0,-17,"DEN","LAC",0,0,0,0,0,0,43,-2,-8,1,-78,9,0,35,-49,-1,"LAC","DEN",-13,15,"False","outdoors","grass",50,-55,-1,4,"LAC",-2,"2020-11-01",FALSE,28
"168","HOU",-10,-7,-28,0,0,-1,-9,47,-5,6,28,1,16,-9,-10,-28,0,58,0,0,6,-2,-8,6,"HOU","JAX",0,0,0,-1,0,1,43,3,8,0,0,28,0,5,61,-2,"HOU","JAX",-8,5,"False","outdoors","grass",7,26,14,-5,"HOU",-6,"2020-11-08",FALSE,17
"169","NWE",0,0,12,0,-4,0,-2,-10,3,12,94,2,28,1,0,12,0,-6,1,-2,14,12,-2,14,"NWE","BUF",2,0,0,0,1,0,-60,2,0,-4,-3,97,2,-53,20,1,"NWE","BUF",-12,18,"False","outdoors","astroturf",-8,27,10,-1,"BUF",-3,"2020-11-01",FALSE,24
"170","LVR",-9,-12,-173,-1,-1,-1,-2,-27,-10,21,133,0,18,-14,-9,-173,-1,-78,0,2,19,8,-11,19,"LVR","CLE",0,0,0,0,1,-1,-175,-5,-17,-2,100,33,2,-175,-77,1,"LVR","CLE",-29,-14,"False","outdoors","grass",-23,11,35,2,"CLE",-3,"2020-11-01",FALSE,35
"171","JAX",12,11,131,-1,1,-3,-3,37,-6,0,-25,1,-4,14,12,131,-1,1,0,-3,3,8,5,3,"JAX","HOU",-1,0,0,1,-1,1,71,-2,5,-3,-34,9,-3,79,67,1,"HOU","JAX",-2,-14,"False","outdoors","grass",7,26,14,1,"HOU",1,"2020-11-08",FALSE,8
"172","DAL",10,18,66,0,-1,-2,-7,-35,-81,9,50,0,23,17,10,66,0,12,2,-2,11,25,14,11,"DAL","PHI",0,0,0,0,0,0,153,9,6,5,56,-6,0,144,68,-2,"DAL","PHI",6,-2,"False","outdoors","grass",3,-24,12,-9,"PHI",-1,"2020-11-01",TRUE,8
"173","CHI",0,1,11,2,-1,1,8,8,26,6,47,0,32,3,0,11,2,-20,0,0,6,8,2,6,"CHI","NOR",0,0,0,0,0,0,-123,3,-3,-3,-1,48,-1,-79,-48,3,"NOR","CHI",16,-1,"True","outdoors","grass",-32,-4,20,1,"NOR",-3,"2020-11-01",FALSE,11
"174","TEN",-8,-9,-75,0,-1,2,12,13,12,2,-126,-1,-29,-8,-8,-75,0,-9,0,-1,3,-5,-8,3,"TEN","CHI",0,0,0,0,-1,0,-56,-2,-4,0,-92,-34,-2,-25,4,2,"CHI","TEN",-3,-7,"False","outdoors","grass",29,3,-10,1,"TEN",-3,"2020-11-08",FALSE,18
"175","CLE",0,-5,10,0,0,1,7,-4,17,19,130,1,47,-6,0,10,0,-7,-1,-3,22,15,-7,22,"CLE","HOU",0,0,0,0,2,0,-28,1,4,-2,112,18,3,-28,-19,-6,"HOU","CLE",-9,4,"False","outdoors","grass",10,10,-10,-3,"CLE",-2,"2020-11-15",FALSE,13
"176","DET",7,3,-31,-1,2,-3,-26,-25,54,14,100,0,13,4,7,-31,-1,-52,-1,0,14,14,0,14,"DET","MIN",0,0,0,-1,0,-1,-125,-4,-12,-9,90,10,1,-97,25,2,"DET","MIN",-21,13,"False","dome","sportturf",0,0,0,0,"MIN",2,"2020-11-08",TRUE,6
"177","NYJ",0,-5,129,3,1,0,0,23,58,-7,-28,0,-8,-4,0,129,3,67,-1,-4,-3,-12,-9,-3,"NYJ","NWE",0,0,0,0,0,1,122,-2,-3,0,-5,-23,3,115,23,-2,"NWE","NYJ",21,-8,"False","outdoors","fieldturf ",9,72,-9,11,"NWE",-7,"2020-11-09",FALSE,23
"178","LAR",-8,-24,-53,-1,-2,1,4,13,31,0,-25,2,9,-21,-8,-53,-1,0,-1,2,-2,-23,-21,-2,"LAR","SEA",0,0,0,0,0,-1,-88,-3,-9,2,1,-26,-1,-80,-38,-1,"SEA","LAR",-1,-5,"False","dome","matrixturf",-14,-28,-10,0,"LAR",9,"2020-11-15",FALSE,18
"179","DAL",0,-2,63,1,1,-2,-25,17,8,-4,11,0,0,-1,0,63,1,49,-1,1,-5,-8,-3,-5,"DAL","PIT",0,0,0,0,0,0,35,-1,3,3,-15,26,3,44,-68,-2,"PIT","DAL",15,-4,"False","retractable roof (closed)","fieldturf",23,-21,-17,-4,"PIT",1,"2020-11-08",FALSE,9
"180","SFO",-7,-6,-31,-1,0,-2,-14,-5,-97,-5,3,-1,-6,-6,-7,-31,-1,-30,1,-1,-4,-13,-9,-4,"SFO","GNB",0,0,0,0,0,1,-67,1,-16,2,8,-5,0,-70,83,1,"GNB","SFO",7,-20,"False","outdoors","grass",23,25,1,-5,"GNB",-6,"2020-11-05",TRUE,-7
"181","SFO",2,4,-44,0,1,1,6,-20,22,8,-6,-1,5,5,2,-44,0,14,0,1,7,13,6,7,"SFO","NOR",0,0,0,0,0,-1,40,2,10,0,-18,12,0,41,-76,-2,"SFO","NOR",-21,10,"False","dome","astroturf",-6,-38,-5,-3,"NOR",2,"2020-11-15",TRUE,3
"182","SEA",-6,-4,-142,-2,0,1,0,-16,-37,5,56,-1,2,-5,-6,-142,-2,-55,-1,6,-1,2,3,-1,"SEA","LAR",0,0,0,-1,0,-1,-13,2,-5,-1,53,3,0,-33,-2,1,"SEA","LAR",-18,-21,"False","dome","matrixturf",3,4,-4,0,"LAR",0,"2020-11-15",FALSE,3
"183","IND",4,-5,81,1,-1,1,11,19,3,8,21,1,7,-4,4,81,1,32,-1,0,8,4,-4,8,"IND","TEN",0,0,0,1,0,1,-78,-8,-6,-4,-6,27,1,-82,36,0,"IND","TEN",10,7,"False","outdoors","grass",-16,1,6,0,"IND",2,"2020-11-12",FALSE,31
"184","DET",-7,-12,-29,1,-3,-1,-4,7,-23,-6,-24,0,-13,-12,-7,-29,1,13,0,-1,-5,-19,-14,-5,"DET","WAS",0,0,0,0,0,0,-55,-1,3,3,-53,29,-1,-59,-21,-2,"WAS","DET",7,-4,"False","dome","fieldturf",0,0,0,1,"DET",-6,"2020-11-15",FALSE,17
"185","TAM",6,1,132,3,-3,-2,-16,22,84,32,202,2,104,1,6,132,3,54,1,1,31,31,0,31,"TAM","CAR",0,0,0,1,1,0,-41,1,2,-1,60,142,0,-51,88,-1,"TAM","CAR",8,20,"False","outdoors","grass",-12,14,-2,-3,"TAM",-2,"2020-11-15",FALSE,58
"186","TEN",8,5,119,1,1,1,6,36,116,2,16,0,5,5,8,119,1,35,0,0,2,8,6,2,"TEN","BAL",1,0,0,0,0,1,3,0,15,0,8,8,-2,4,63,0,"TEN","BAL",-4,7,"True","outdoors","grass",-3,21,0,-5,"BAL",1,"2020-11-22",FALSE,23
"187","CAR",4,7,110,-1,1,-2,-26,-3,-37,18,51,0,16,7,4,110,-1,21,0,-3,21,23,2,21,"CAR","DET",0,0,0,0,0,1,40,1,4,0,23,28,0,39,44,2,"DET","CAR",-46,-3,"False","outdoors","grass",0,-23,-8,3,"DET",-2,"2020-11-22",FALSE,43
"188","SFO",0,-4,5,-1,-1,0,4,6,-31,8,63,1,25,-5,0,5,-1,-13,1,-1,9,4,-5,9,"SFO","LAR",0,0,0,0,0,1,-92,-5,-13,-1,52,11,0,-93,54,3,"SFO","LAR",10,-7,"False","dome","matrixturf",0,0,0,4,"LAR",-5,"2020-11-29",FALSE,17
"189","PHI",0,-2,27,2,2,2,8,10,3,2,-50,-2,-45,-2,0,27,2,20,1,-1,3,2,-1,3,"PHI","CLE",-1,0,0,0,0,0,-94,-3,-8,2,-40,-10,-3,-80,26,-3,"PHI","CLE",0,-5,"False","outdoors","grass",-18,28,-10,3,"CLE",-1,"2020-11-22",FALSE,5
"190","CIN",4,4,20,0,1,0,3,-15,14,-3,-69,0,-27,6,4,20,0,-16,0,2,-5,1,6,-5,"CIN","WAS",0,0,0,0,0,-1,78,-1,7,0,-51,-18,0,79,-18,0,"CIN","WAS",-1,-16,"False","outdoors","grass",5,-19,-14,4,"WAS",2,"2020-11-22",TRUE,15
"191","DEN",-5,-17,13,-1,-3,-2,-10,34,38,14,123,2,30,-15,-5,13,-1,19,0,1,13,-5,-18,13,"DEN","MIA",0,0,0,0,0,1,-68,-3,0,-4,121,2,-6,-64,76,-6,"MIA","DEN",1,-17,"False","outdoors","grass",-27,-26,7,-1,"MIA",-4,"2020-11-22",FALSE,32
"192","DET",10,10,117,1,1,-1,-17,16,54,12,69,2,17,10,10,117,1,53,2,0,12,21,9,12,"DET","HOU",2,0,0,0,0,0,156,0,9,1,50,19,3,138,69,-2,"HOU","DET",41,5,"False","dome","fieldturf",7,-22,-7,0,"HOU",5,"2020-11-26",TRUE,4
"193","JAX",4,-2,84,2,-4,-2,-18,27,81,8,67,1,19,0,4,84,2,14,0,1,7,4,-3,7,"JAX","CLE",0,0,0,0,1,0,19,-5,-9,-4,29,38,5,48,58,0,"CLE","JAX",0,22,"False","outdoors","grass",-2,-1,-2,4,"CLE",1,"2020-11-29",FALSE,22
"194","ATL",3,2,-47,2,-1,-7,-30,-29,27,18,73,1,32,3,3,-47,2,-32,0,1,17,13,-4,17,"ATL","LVR",0,0,0,0,0,0,-180,0,-10,3,33,40,-1,-134,48,-1,"LVR","ATL",-3,19,"False","retractable roof (closed)","fieldturf",0,0,0,0,"LVR",4,"2020-11-29",FALSE,52
"195","CIN",-8,-15,-97,0,0,-2,-10,-21,-23,-3,-30,0,-26,-17,-8,-97,0,-27,1,0,-3,-20,-17,-3,"CIN","NYG",0,0,0,0,0,0,-219,-5,-19,-2,-17,-13,1,-218,-11,-1,"NYG","CIN",10,-3,"False","outdoors","grass",-5,-13,-3,-4,"NYG",-3,"2020-11-29",FALSE,9
"196","DAL",6,13,70,1,0,-3,-20,-26,1,10,51,0,15,11,6,70,1,11,-1,-2,12,20,8,12,"DAL","BAL",0,0,0,0,0,-1,244,6,-3,4,28,23,1,178,52,-1,"DAL","BAL",-24,18,"False","outdoors","grass",-34,9,9,-7,"ERROR - abbrev_team",-1,"2020-12-08",TRUE,8
"197","DET",-1,-1,107,2,0,-2,-14,-2,-15,-7,-49,0,-17,-1,-1,107,2,29,-2,-1,-6,-10,-4,-6,"DET","CHI",-2,0,0,1,0,1,223,4,-16,1,-41,-8,-1,194,-94,-1,"DET","CHI",-7,5,"False","outdoors","grass",-37,35,5,0,"CHI",-8,"2020-12-06",FALSE,20
"198","LVR",3,8,141,3,0,-3,-24,-2,-46,11,32,1,-2,9,3,141,3,19,-3,1,10,16,6,10,"LVR","NYJ",0,0,0,1,0,1,246,5,11,-3,23,9,0,255,29,1,"LVR","NYJ",25,-15,"False","outdoors","fieldturf ",-33,1,18,-4,"LVR",-5,"2020-12-06",FALSE,40
"199","LAC",-5,1,-107,-1,1,0,-4,-31,-32,-9,-6,-1,-30,1,-5,-107,-1,-5,0,0,-9,-8,1,-9,"LAC","NWE",-2,0,0,-1,0,0,17,9,-23,9,-6,0,1,18,-21,-3,"NWE","LAC",28,-27,"False","dome","matrixturf",24,-7,-7,2,"LAC",-5,"2020-12-06",TRUE,-35
"200","IND",3,-9,-10,0,-1,1,8,-11,-5,8,53,-1,7,-7,3,-10,0,-14,0,-1,9,0,-9,9,"IND","HOU",0,0,0,0,0,1,-150,-10,2,-3,18,35,5,-141,-3,1,"IND","HOU",-19,-6,"False","retractable roof (closed)","grass",0,0,0,0,"IND",-1,"2020-12-06",FALSE,25
"201","DEN",14,19,138,2,0,-1,-1,24,63,0,79,0,35,19,14,138,2,87,0,0,0,18,18,0,"DEN","KAN",0,0,0,0,1,0,100,4,8,1,93,-14,0,93,58,1,"DEN","KAN",-15,19,"False","outdoors","astroturf",3,37,3,4,"KAN",15,"2020-12-06",FALSE,22
"202","CHI",0,-12,25,-2,-2,-1,5,1,34,15,19,3,-42,-11,0,25,-2,5,0,0,15,2,-13,15,"CHI","DET",-2,0,0,0,-1,0,-188,-6,4,-3,13,6,2,-167,56,1,"DET","CHI",9,-11,"False","outdoors","grass",-2,21,-8,4,"CHI",0,"2020-12-06",FALSE,12
"203","NYJ",-2,-4,-11,2,-1,0,-8,-12,46,11,119,2,35,-7,-2,-11,2,17,2,0,11,7,-4,11,"NYJ","LVR",2,0,0,0,1,0,-116,-1,-4,-7,69,50,2,-177,37,-1,"LVR","NYJ",11,25,"False","outdoors","fieldturf ",-15,14,16,0,"LVR",2,"2020-12-06",FALSE,14
"204","ARI",3,-4,71,-2,-1,-1,-20,-18,17,22,67,0,12,-4,3,71,-2,13,-1,7,15,17,2,15,"ARI","NYG",0,0,0,0,0,1,-49,-5,-4,0,24,43,4,-43,41,0,"ARI","NYG",-12,-21,"False","outdoors","fieldturf ",-13,13,15,-1,"ARI",-2,"2020-12-13",FALSE,29
"205","PHI",6,3,-21,0,-1,-7,-27,-36,-42,11,129,2,67,1,6,-21,0,-11,1,-3,14,7,-7,14,"PHI","NOR",0,-1,0,0,2,0,-97,-3,2,-1,83,46,0,-116,85,-1,"NOR","PHI",5,-6,"False","outdoors","grass",23,-15,1,1,"NOR",-7,"2020-12-13",FALSE,17
"206","CIN",11,11,29,0,-2,-4,-23,-68,-15,13,61,0,11,11,11,29,0,-26,3,1,12,20,8,12,"CIN","DAL",0,0,0,0,0,0,-9,0,-10,2,71,-10,0,-9,-10,1,"DAL","CIN",23,-12,"False","outdoors","grass",-37,9,0,7,"DAL",1,"2020-12-13",TRUE,-11
"207","LAC",10,-9,34,2,-1,-2,-18,1,52,11,35,0,9,-8,10,34,2,-28,0,0,11,0,-11,11,"LAC","ATL",0,0,0,0,0,0,-88,-11,8,-7,3,32,3,-87,16,-1,"ATL","LAC",-28,20,"False","dome","matrixturf",0,0,0,1,"LAC",3,"2020-12-13",FALSE,48
"208","SFO",-1,6,-56,-2,-1,4,24,-27,-25,6,22,1,-3,5,-1,-56,-2,-50,2,0,6,16,10,6,"SFO","WAS",2,0,0,-1,0,1,2,-2,13,0,20,2,-1,2,-2,0,"WAS","SFO",-11,-9,"False","retractable roof (closed)","grass",0,0,0,-2,"SFO",-5,"2020-12-13",FALSE,2
"209","DAL",-15,-25,-100,0,-1,1,6,4,37,-3,-10,0,19,-23,-15,-100,0,-9,0,0,-3,-27,-24,-3,"DAL","CIN",0,0,0,0,0,0,-267,-9,-4,-4,-3,-7,-1,-222,-59,0,"DAL","CIN",13,-27,"False","outdoors","grass",6,19,-4,6,"DAL",-1,"2020-12-13",FALSE,40
"210","NWE",3,4,63,0,-1,-3,-10,-3,-45,-7,10,0,-5,2,3,63,0,13,1,0,-7,-6,1,-7,"NWE","MIA",0,0,0,0,0,1,85,2,0,1,-1,11,1,81,37,-2,"NWE","MIA",9,-2,"False","outdoors","grass",7,20,9,4,"NWE",-3,"2020-12-20",TRUE,11
"211","PIT",-1,1,-17,-1,-1,0,2,17,-3,6,39,1,14,1,-1,-17,-1,27,2,0,6,7,1,6,"PIT","CIN",-2,0,0,0,0,0,65,5,1,-4,22,17,-1,66,-11,-4,"PIT","CIN",2,1,"False","outdoors","grass",8,-8,-1,-12,"PIT",-8,"2020-12-21",TRUE,1
"212","HOU",12,11,154,1,0,-2,-33,-10,19,-6,-25,0,-6,11,12,154,1,36,0,-3,-3,3,6,-3,"HOU","IND",0,0,0,1,0,1,113,0,-2,5,-19,-6,-2,108,21,-1,"HOU","IND",13,-9,"False","retractable roof (closed)","fieldturf",38,-25,-1,-6,"IND",6,"2020-12-20",FALSE,22
"213","CIN",-21,-25,-133,0,0,0,-3,4,-54,11,51,2,19,-25,-21,-133,0,-32,-3,-1,12,-14,-26,12,"CIN","PIT",0,0,0,0,0,0,26,-4,4,-2,-9,60,-1,26,-121,-2,"PIT","CIN",-13,20,"False","outdoors","grass",-1,-10,5,-11,"PIT",-4,"2020-12-21",FALSE,33
"214","JAX",-9,-25,-37,1,-1,5,21,-21,-11,7,-29,0,-23,-22,-9,-37,1,-6,1,-1,8,-13,-21,8,"JAX","BAL",0,0,0,0,0,0,-230,-7,10,-3,-4,-25,1,-195,-39,-2,"JAX","BAL",-17,30,"False","outdoors","grass",-30,-5,1,-6,"BAL",-3,"2020-12-20",TRUE,-5
"215","NYG",6,8,76,0,0,-7,-57,-18,-31,4,-4,-1,-4,8,6,76,0,21,-3,1,3,5,2,3,"NYG","CLE",0,0,0,0,0,0,27,1,-3,1,35,-39,-5,27,55,1,"CLE","NYG",-6,-1,"False","outdoors","fieldturf ",-23,24,-15,-3,"CLE",-2,"2020-12-20",TRUE,5
"216","LVR",-12,-13,-66,-1,-1,1,3,-11,-24,19,94,1,15,-15,-12,-66,-1,-36,-1,2,17,7,-10,17,"LVR","LAC",0,0,0,-1,0,0,-15,2,0,-2,32,62,2,-13,-56,-3,"LAC","LVR",-14,0,"True","dome","grass",0,0,0,-1,"LVR",0,"2020-12-17",FALSE,14
"217","NYJ",8,5,75,1,0,-1,-5,-10,31,8,24,1,-4,4,8,75,1,0,-1,1,7,12,5,7,"NYJ","LAR",0,0,0,0,0,0,-102,-3,2,2,0,24,0,-103,74,0,"NYJ","LAR",20,-20,"False","dome","matrixturf",29,-45,-8,-1,"LAR",-6,"2020-12-20",FALSE,40
"218","MIN",0,-2,46,1,1,-3,-30,5,8,-5,-4,0,-5,-5,0,46,1,28,-1,-1,-4,-10,-6,-4,"MIN","CHI",-2,0,0,0,0,1,-42,-3,-4,0,-16,12,-3,-74,18,-1,"CHI","MIN",19,1,"False","dome","sportturf",-6,-18,-5,5,"MIN",-5,"2020-12-20",FALSE,6
"219","DEN",4,15,132,-1,2,-1,-16,8,-31,0,-7,-1,11,11,4,132,-1,41,-1,-2,2,14,12,2,"DEN","LAC",0,0,0,0,0,0,408,4,-6,2,-21,14,-2,356,36,7,"DEN","LAC",-32,0,"False","dome","matrixturf",25,23,-24,3,"LAC",-2,"2020-12-27",FALSE,26
"220","NWE",-8,-6,-131,0,0,0,-1,-4,21,2,28,1,40,-7,-8,-131,0,-59,-1,0,2,-4,-6,2,"NWE","BUF",0,0,0,0,0,-1,-51,-1,1,3,-31,59,3,-59,-41,2,"BUF","NWE",26,-13,"False","outdoors","grass",-38,25,-5,-6,"BUF",7,"2020-12-28",TRUE,-19
"221","NYG",5,9,31,1,0,5,30,-15,-38,-9,-20,0,4,9,5,31,1,-17,0,0,-9,5,14,-9,"NYG","BAL",0,0,0,0,0,0,88,3,23,5,-38,18,2,87,23,-1,"NYG","BAL",-7,21,"False","outdoors","grass",2,-34,3,-4,"BAL",-2,"2020-12-27",TRUE,0
"222","DET",-6,-7,-155,-1,0,4,39,-11,29,-12,-50,-2,-11,-7,-6,-155,-1,-96,-1,-1,-11,-15,-4,-11,"DET","TAM",0,0,0,0,0,-1,-187,-1,-1,0,-27,-23,-2,-195,-23,-2,"TAM","DET",22,-39,"False","dome","fieldturf",26,-41,-5,0,"TAM",0,"2020-12-26",TRUE,-19
"223","JAX",2,8,-15,0,2,-4,-13,6,-45,-6,14,0,-9,9,2,-15,0,-28,-1,-1,-5,-2,3,-5,"JAX","CHI",0,0,0,0,0,0,14,1,-14,2,18,-4,1,29,-21,1,"CHI","JAX",27,-23,"False","outdoors","grass",16,-18,2,4,"CHI",-2,"2020-12-27",TRUE,2
"224","PIT",14,11,171,2,-1,0,-3,2,47,-9,-64,0,-16,11,14,171,2,23,-2,0,-9,2,11,-9,"PIT","IND",0,0,0,1,0,0,38,-3,-10,-1,-20,-44,-1,38,29,2,"IND","PIT",7,1,"False","outdoors","grass",-6,2,-4,13,"IND",3,"2020-12-27",FALSE,14
"225","MIN",1,-1,114,0,0,1,5,15,17,14,35,0,11,0,1,114,0,113,0,0,14,14,0,14,"MIN","DET",0,0,0,1,0,1,80,-1,-1,0,-8,43,7,69,46,0,"MIN","DET",4,-17,"False","dome","fieldturf",0,0,0,3,"MIN",5,"2021-01-03",FALSE,21
"226","DET",-1,0,141,3,0,-3,-34,-11,-82,7,56,2,18,1,-1,141,3,31,-1,1,6,4,-2,6,"DET","MIN",0,0,0,0,0,1,277,-2,-1,1,-22,78,6,284,-6,2,"MIN","DET",-10,28,"False","dome","fieldturf",0,0,0,6,"MIN",-1,"2021-01-03",FALSE,38
"227","PHI",-8,-6,-223,-1,0,0,5,-26,88,0,-33,1,4,-5,-8,-223,-1,-151,0,-1,1,-6,-7,1,"PHI","WAS",0,0,0,-1,0,0,-100,5,10,-1,-4,-29,2,-73,-86,0,"WAS","PHI",3,-23,"False","outdoors","grass",-34,47,10,-3,"WAS",-6,"2021-01-03",FALSE,14
"228","TEN",7,1,95,0,-2,0,-5,33,23,14,132,3,5,2,7,95,0,19,1,0,14,15,1,14,"TEN","HOU",0,0,0,0,1,1,99,0,8,-1,102,30,1,113,19,2,"TEN","HOU",27,-2,"False","retractable roof (closed)","grass",44,-43,-15,-4,"TEN",3,"2021-01-03",FALSE,29
"229","JAX",2,5,50,0,-2,5,23,-13,20,1,-23,0,-16,4,2,50,0,-2,1,0,1,11,10,1,"JAX","IND",0,0,0,0,0,0,56,-1,5,-2,-15,-8,0,44,16,3,"JAX","IND",-27,11,"False","retractable roof (closed)","fieldturf",17,-15,-5,-6,"IND",0,"2021-01-03",TRUE,10
"230","NYG",-7,-16,-23,1,1,-4,-19,13,22,16,71,1,26,-16,-7,-23,1,8,1,1,15,-4,-19,15,"NYG","DAL",0,0,0,0,0,1,-99,-5,-21,-8,59,12,-1,-98,-40,1,"DAL","NYG",6,-4,"False","outdoors","fieldturf ",-5,37,3,9,"DAL",1,"2021-01-03",FALSE,18
"231","LAR",-2,-5,-3,0,0,-1,-10,12,3,1,-8,0,-12,-4,-2,-3,0,37,1,-4,5,-5,-10,5,"LAR","ARI",0,0,0,0,0,0,75,0,7,-5,-24,16,0,80,15,-1,"ARI","LAR",-2,-2,"False","dome","matrixturf",27,-44,-2,0,"LAR",-5,"2021-01-03",FALSE,22
"232","NWE",13,10,183,4,0,0,1,19,178,5,21,-1,-1,12,13,183,4,99,0,-2,7,15,8,7,"NWE","NYJ",0,0,0,0,0,0,19,-2,4,-3,7,14,-1,31,88,-1,"NYJ","NWE",-24,19,"False","outdoors","grass",-8,-15,1,4,"NWE",-6,"2021-01-03",FALSE,43
"233","MIA",-20,-32,-191,0,-2,1,8,-27,-102,3,4,-1,1,-32,-20,-191,0,-83,-1,-2,5,-28,-33,5,"MIA","NWE",0,0,0,-1,0,-1,-189,-7,-9,1,-25,29,1,-190,-106,1,"MIA","NWE",-9,-40,"False","outdoors","fieldturf ",46,-35,14,0,"NWE",0,"2021-09-12",FALSE,31
"234","CAR",6,-2,8,1,-5,-2,-16,-18,37,7,37,0,6,-3,6,8,1,22,1,-1,8,3,-5,8,"CAR","NYJ",0,0,0,0,0,-2,-229,0,-6,3,18,19,-1,-228,101,-3,"NYJ","CAR",-19,12,"False","outdoors","grass ",24,-29,-2,2,"CAR",-2,"2021-09-12",FALSE,31
"235","CHI",-14,-13,-53,1,-1,0,4,-25,15,-12,-60,-1,-7,-14,-14,-53,1,3,-1,1,-13,-25,-12,-13,"CHI","NOR",0,0,0,0,0,0,17,0,3,-4,-61,1,0,13,-65,2,"CHI","NOR",-26,5,"False","dome","astroturf",40,-40,-7,-7,"NOR",0,"2021-01-10",TRUE,7
"236","CIN",14,6,213,2,-2,5,44,29,128,17,2,1,-57,6,14,213,2,111,0,0,17,28,11,17,"CIN","MIN",0,0,0,0,1,1,65,-2,0,2,47,-45,5,62,91,-1,"MIN","CIN",-14,24,"True","outdoors","fieldturf ",42,-25,5,10,"MIN",1,"2021-09-12",FALSE,38
"237","JAX",2,9,71,1,3,-5,-18,20,-25,-1,23,0,13,10,2,71,1,51,-1,0,-1,3,4,-1,"JAX","HOU",0,0,0,1,0,0,117,10,-3,1,18,5,-2,124,56,1,"JAX","HOU",7,9,"False","retractable roof (closed)","astroturf",0,0,0,12,"JAX",-2,"2021-09-12",TRUE,-2
"238","KAN",4,6,103,-1,1,0,5,29,55,7,72,0,38,6,4,103,-1,8,-1,2,5,13,8,5,"KAN","CLE",0,0,0,0,0,2,114,1,3,-1,37,35,0,123,-11,1,"CLE","KAN",-21,1,"False","outdoors","astroturf",5,-26,7,0,"KAN",12,"2021-01-17",FALSE,22
"239","NYJ",-3,3,-8,1,-1,3,24,-13,6,-8,-68,-1,-14,3,-3,-8,1,-15,0,0,-8,-2,6,-8,"NYJ","CAR",1,0,0,0,0,0,119,1,0,4,-29,-39,1,119,-55,3,"NYJ","CAR",0,-9,"False","outdoors","grass ",48,-24,-5,-1,"CAR",4,"2021-09-12",FALSE,9
"240","ARI",2,5,97,3,0,-2,-17,-7,-56,15,88,1,-2,5,2,97,3,36,0,1,14,18,4,14,"ARI","TEN",0,0,0,0,0,0,49,3,0,5,83,5,2,49,7,1,"ARI","TEN",31,-5,"False","outdoors","grass ",10,10,8,-2,"TEN",11,"2021-09-12",FALSE,36
"241","ATL",-8,-9,-101,-2,0,2,21,-8,-26,0,-3,-1,-36,-8,-8,-101,-2,-52,-2,1,-1,-7,-6,-1,"ATL","PHI",0,0,0,0,0,0,-48,3,-17,-1,53,-56,0,-34,-58,-1,"PHI","ATL",5,-38,"False","retractable roof (open)","fieldturf",7,-32,-4,4,"ATL",-2,"2021-09-12",TRUE,-9
"242","SEA",7,-4,80,2,-1,-2,-19,18,80,2,4,0,27,-5,7,80,2,49,1,-2,4,-4,-8,4,"SEA","IND",0,0,0,0,0,1,-161,-7,-7,-1,-40,44,4,-186,72,-2,"SEA","IND",-2,-4,"False","retractable roof (closed)","fieldturf ",33,-46,-1,0,"SEA",7,"2021-09-12",FALSE,22
"243","CHI",10,11,17,-1,1,2,20,0,64,7,86,2,37,13,10,17,-1,-25,1,-1,8,20,12,8,"CHI","LAR",0,0,0,0,1,0,-109,1,7,2,5,81,3,-96,41,0,"CHI","LAR",5,13,"False","dome","matrixturf",0,0,0,3,"LAR",-2,"2021-09-12",TRUE,-8
"244","PIT",-29,-36,-313,-3,-4,2,11,-9,-2,5,23,-1,29,-36,-29,-313,-3,-24,0,1,4,-29,-33,4,"PIT","BUF",-2,0,0,-1,0,-2,-369,-5,3,-2,30,-7,0,-369,-98,-4,"PIT","BUF",-25,-21,"False","outdoors","a_turf",39,7,16,-1,"BUF",1,"2021-09-12",FALSE,18
"245","BAL",-1,-7,13,1,-1,-1,-14,-11,-23,2,39,2,20,-6,-1,13,1,18,2,0,2,-6,-8,2,"BAL","LVR",0,0,0,0,0,0,-35,-2,-14,-2,-26,65,2,-56,23,0,"BAL","LVR",24,16,"True","dome","grass",38,-36,-13,-2,"BAL",1,"2021-09-13",FALSE,8
"246","LAR",-1,-1,147,2,0,-3,-17,39,51,4,-22,0,6,0,-1,147,2,137,0,-1,5,0,-5,5,"LAR","CHI",-2,0,0,1,0,1,86,4,1,-2,-8,-14,-2,87,88,-1,"CHI","LAR",-4,2,"False","dome","matrixturf",37,-24,-13,-1,"LAR",1,"2021-09-12",FALSE,34
"247","NOR",-5,-14,-39,3,-3,0,0,-14,14,14,66,0,14,-15,-5,-39,3,12,-1,3,11,0,-11,11,"NOR","GNB",0,0,0,0,0,0,-53,-5,-13,-5,55,11,-3,-59,-32,2,"GNB","NOR",-27,18,"False","outdoors","grass ",14,12,9,-1,"GNB",-4,"2021-09-12",FALSE,45
"248","BUF",2,3,-17,-1,-1,-1,-37,3,-1,7,-12,0,3,4,2,-17,-1,-23,1,-4,11,9,-2,11,"BUF","PIT",0,0,0,0,0,0,150,1,-17,8,-16,4,1,101,-37,0,"PIT","BUF",-1,-22,"False","outdoors","a_turf",33,9,10,-3,"BUF",-7,"2021-09-12",FALSE,7
"249","KAN",1,-13,67,3,-2,-1,-14,42,79,6,-34,1,-16,-12,1,67,3,18,0,-1,7,-8,-15,7,"KAN","CLE",0,0,0,1,0,0,-47,-1,4,-8,2,-36,-1,-40,-3,-5,"CLE","KAN",-2,24,"False","outdoors","grass ",25,-35,-1,-2,"KAN",0,"2021-09-12",FALSE,26
"250","ATL",14,13,136,2,3,-2,-21,6,48,-6,-69,1,-18,15,14,136,2,55,0,0,-6,5,11,-6,"ATL","TAM",1,0,0,1,0,0,7,-3,13,2,-63,-6,-1,0,120,0,"ATL","TAM",-7,42,"False","outdoors","grass ",13,27,0,-9,"TAM",2,"2021-09-19",TRUE,3
"251","IND",-3,-2,21,-1,2,0,-1,28,1,-4,-4,0,10,0,-3,21,-1,9,-1,2,-6,-6,0,-6,"IND","LAR",2,0,0,0,0,1,78,2,1,-1,18,-22,-5,99,-26,0,"LAR","IND",-1,8,"False","retractable roof (closed)","fieldturf ",0,0,0,0,"LAR",-1,"2021-09-19",FALSE,9
"252","JAX",-14,-18,-214,-2,-1,0,-9,-16,-33,0,-1,0,2,-17,-14,-214,-2,-70,0,2,-2,-18,-16,-2,"JAX","DEN",0,0,0,-1,0,0,-7,0,4,3,5,-6,1,-15,-102,-5,"DEN","JAX",2,-24,"False","outdoors","grass ",8,42,7,-3,"DEN",0,"2021-09-19",TRUE,6
"253","GNB",2,-8,54,4,-2,1,13,-13,7,16,53,1,8,-6,2,54,4,-44,-1,3,13,9,-4,13,"GNB","DET",0,0,0,0,0,1,-73,-7,1,-3,38,15,1,-69,40,0,"DET","GNB",14,-3,"False","outdoors","grass ",-13,27,3,-8,"GNB",-1,"2021-09-20",FALSE,53
"254","NYG",0,-5,-18,0,0,2,8,-9,12,8,103,0,75,-4,0,-18,0,-11,-1,-3,11,5,-6,11,"NYG","WAS",0,0,0,0,0,-1,53,-4,10,10,81,22,3,53,-28,0,"NYG","WAS",2,17,"False","outdoors","grass ",-11,38,-19,0,"WAS",-1,"2021-09-16",FALSE,13
"255","TEN",5,4,129,-1,-1,-3,-29,6,-72,18,123,2,37,3,5,129,-1,40,-1,1,17,19,2,17,"TEN","SEA",0,0,0,1,1,1,128,-1,-3,-1,55,68,1,131,30,5,"TEN","SEA",-5,17,"True","outdoors","fieldturf ",-20,15,6,-3,"SEA",1,"2021-09-19",FALSE,28
"256","CHI",-14,-16,-100,1,0,0,5,10,-15,8,-11,-2,-16,-17,-14,-100,1,-32,-1,4,4,-8,-12,4,"CHI","CIN",0,0,0,0,-1,0,6,0,-6,-2,33,-44,1,7,-68,-1,"CIN","CHI",3,-14,"False","outdoors","grass ",8,7,0,7,"CHI",-2,"2021-09-19",FALSE,23
"257","NOR",2,-1,17,2,-2,-1,-13,-10,84,21,94,0,7,-1,2,17,2,-31,0,0,21,19,-2,21,"NOR","NWE",0,0,0,0,0,0,49,-3,-5,-6,63,31,2,44,-1,-2,"NOR","NWE",21,-13,"False","outdoors","fieldturf ",-10,-10,7,0,"NWE",-2,"2021-09-26",FALSE,34
"258","HOU",1,-1,-59,-1,-1,3,10,-37,-107,-11,-40,-1,-17,-3,1,-59,-1,-107,-1,-1,-10,-9,1,-10,"HOU","CAR",0,0,0,0,0,1,-82,-1,9,3,-6,-34,-3,-60,-92,-1,"CAR","HOU",3,-22,"False","retractable roof (closed)","astroturf",-3,-21,-12,4,"CAR",-5,"2021-09-23",TRUE,-5
"259","JAX",8,1,101,0,0,2,13,0,31,13,84,1,20,-1,8,101,0,-12,2,0,13,16,3,13,"JAX","ARI",0,0,0,0,0,0,-119,-5,-1,-2,9,75,0,-116,45,1,"ARI","JAX",8,6,"False","outdoors","grass ",1,-38,-3,-1,"ARI",6,"2021-09-26",TRUE,-2
"260","MIA",7,5,33,0,-1,-4,-12,-4,-25,7,62,2,14,5,7,33,0,-10,-2,3,4,8,4,4,"MIA","LVR",2,0,0,0,0,0,185,4,-6,2,60,2,0,161,-11,-4,"MIA","LVR",-7,31,"True","dome","grass",-17,-14,-7,-1,"LVR",-3,"2021-09-26",FALSE,32
"261","NYJ",0,2,-50,0,-2,1,15,-12,5,-18,-109,0,-35,0,0,-50,0,-10,0,-2,-16,-15,1,-16,"NYJ","DEN",0,0,0,0,0,0,-31,-3,4,3,-85,-24,3,-31,-33,4,"NYJ","DEN",-25,20,"False","outdoors","grass ",10,-36,-7,-4,"DEN",-2,"2021-09-26",TRUE,-7
"262","ATL",-8,-12,-57,0,-3,2,9,4,-8,0,14,-1,-3,-12,-8,-57,0,-20,1,-1,1,-10,-11,1,"ATL","NYG",-1,0,0,-1,0,0,-38,-1,-6,-2,6,8,1,-37,-14,-1,"ATL","NYG",-8,-34,"False","outdoors","fieldturf ",-16,-27,13,9,"NYG",-4,"2021-09-26",FALSE,26
"263","DET",-4,-5,-29,-2,-1,1,15,-22,35,8,-15,2,-14,-7,-4,-29,-2,-29,-1,-1,9,4,-5,9,"DET","BAL",0,0,0,0,0,0,-102,-3,-4,0,-27,12,1,-111,9,1,"BAL","DET",2,-18,"False","dome","fieldturf ",-1,-39,-12,4,"BAL",2,"2021-09-26",FALSE,16
"264","HOU",-8,-7,-81,-1,4,-1,9,-14,-72,1,6,0,7,-5,-8,-81,-1,-15,1,1,0,-7,-7,0,"HOU","BUF",0,0,0,0,0,-1,-10,-2,-13,1,4,2,1,-15,-8,-1,"HOU","BUF",-24,31,"False","outdoors","a_turf",-5,48,12,-8,"BUF",4,"2021-10-03",TRUE,-25
"265","WAS",9,9,78,1,-2,0,0,-40,47,3,44,0,13,9,9,78,1,17,-1,-1,4,12,8,4,"WAS","ATL",0,1,0,0,0,1,130,1,4,-6,44,0,-1,130,-4,-2,"WAS","ATL",13,-13,"False","retractable roof (open)","fieldturf",5,5,-21,5,"WAS",3,"2021-10-03",FALSE,26
"266","CHI",5,-3,141,0,1,-8,-43,46,41,26,142,3,50,-3,5,141,0,57,0,0,26,15,-11,26,"CHI","DET",0,0,0,0,1,1,127,-2,3,3,77,65,5,127,11,0,"DET","CHI",8,-2,"False","outdoors","grass ",2,41,-18,4,"CHI",-3,"2021-10-03",FALSE,30
"267","NYJ",2,-1,137,2,-1,-4,-33,31,55,12,23,1,11,1,2,137,2,41,0,2,10,7,-3,10,"NYJ","TEN",0,0,0,0,0,1,54,5,2,-5,-10,33,-4,54,46,-2,"TEN","NYJ",24,1,"True","outdoors","fieldturf ",-4,37,3,4,"TEN",3,"2021-10-03",FALSE,29
"268","JAX",-5,-10,-15,-1,-2,-2,-15,27,28,1,-20,2,6,-10,-5,-15,-1,51,-2,1,0,-11,-11,0,"JAX","CIN",0,0,0,0,0,0,-70,-6,-5,0,39,-59,3,-91,-11,-1,"JAX","CIN",-10,5,"False","outdoors","fieldturf ",-16,35,-4,0,"CIN",-5,"2021-09-30",FALSE,9
"269","SEA",-7,-9,-149,1,0,1,5,-11,5,10,-1,1,-8,-6,-7,-149,1,-60,0,-1,11,2,-9,11,"SEA","SFO",0,0,0,0,0,-1,-157,-1,4,-1,-4,3,-1,-110,-99,1,"SEA","SFO",11,-9,"False","outdoors","grass",8,-12,0,0,"SFO",-3,"2021-10-03",FALSE,20
"270","NWE",3,-9,50,1,-2,2,6,20,165,-9,-50,0,-23,-9,3,50,1,33,1,-3,-6,-16,-10,-6,"NWE","TAM",0,0,0,0,0,0,-416,-11,6,1,-43,-7,0,-416,84,-1,"TAM","NWE",-9,4,"False","outdoors","fieldturf ",-11,29,-7,-4,"TAM",7,"2021-10-03",FALSE,13
"271","PIT",-12,-18,-86,0,-1,-2,-9,16,8,1,17,1,-14,-19,-12,-86,0,-7,1,-1,2,-19,-21,2,"PIT","GNB",0,0,0,-1,0,-1,-20,-1,2,-1,9,8,0,-27,-80,-7,"PIT","GNB",-7,17,"False","outdoors","grass ",0,45,-5,-3,"GNB",1,"2021-10-03",TRUE,4
"272","TAM",-19,-12,-163,-1,0,-2,-13,-4,-33,17,85,-1,16,-11,-19,-163,-1,-57,0,-1,18,3,-15,18,"TAM","NWE",0,0,0,-1,0,-1,77,4,-7,-4,47,38,5,74,-129,3,"TAM","NWE",-5,-17,"False","outdoors","fieldturf ",-10,39,4,-6,"TAM",-6,"2021-10-03",FALSE,12
"273","PHI",7,9,61,0,-2,1,6,-4,19,7,39,1,7,6,7,61,0,-59,0,-3,10,17,7,10,"PHI","KAN",0,0,0,0,0,1,52,4,8,1,6,33,6,64,-24,1,"KAN","PHI",21,-11,"False","outdoors","grass ",1,24,8,-4,"KAN",3,"2021-10-03",TRUE,8
"274","HOU",10,8,225,3,-4,0,-7,51,118,6,19,0,-5,7,10,225,3,131,0,-1,7,14,7,7,"HOU","NWE",0,0,0,1,0,1,71,2,7,-1,12,7,-1,62,126,1,"NWE","HOU",25,-18,"False","retractable roof (closed)","astroturf",5,-48,-12,9,"NWE",-8,"2021-10-10",FALSE,37
"275","DET",-3,-3,-96,-2,1,0,-15,-12,-41,-1,18,1,2,-6,-3,-96,-2,-42,-1,-1,0,-4,-4,0,"DET","MIN",2,0,0,0,0,0,-99,-2,2,8,16,2,-3,-96,6,0,"DET","MIN",3,-5,"False","dome","sportturf",0,-34,-4,-7,"MIN",8,"2021-10-10",FALSE,8
"276","DEN",5,1,110,1,0,-3,-10,-12,-36,1,0,0,21,-2,5,110,1,4,0,0,1,-1,-2,1,"DEN","PIT",0,0,0,0,0,1,-29,-9,-6,-5,29,-29,-8,-54,-26,1,"DEN","PIT",-4,20,"False","outdoors","grass ",-6,47,-2,0,"DEN",-5,"2021-10-10",FALSE,8
"277","PIT",-11,-15,21,1,-1,-1,-3,14,42,19,85,0,23,-14,-11,21,1,26,0,0,19,3,-16,19,"PIT","DEN",0,0,0,0,1,1,-101,-3,-1,0,57,28,2,-94,39,1,"DEN","PIT",2,0,"False","outdoors","grass ",4,-26,5,5,"DEN",-5,"2021-10-10",FALSE,18
"278","MIA",7,9,76,0,1,0,-18,-8,-12,-7,4,0,9,9,7,76,0,49,-1,-2,-5,2,7,-5,"MIA","TAM",0,0,0,0,0,0,20,2,11,-2,-1,5,0,19,100,2,"MIA","TAM",-10,28,"False","outdoors","grass ",-1,2,-9,-8,"TAM",6,"2021-10-10",TRUE,-18
"279","PHI",-10,-11,-189,-2,1,-1,-13,16,-43,3,-12,1,2,-10,-10,-189,-2,-26,1,-3,6,-9,-15,6,"PHI","CAR",2,0,0,-1,0,-1,-38,-3,-10,-8,17,-29,-6,-102,-111,3,"PHI","CAR",-21,-12,"False","outdoors","grass ",3,-9,5,4,"CAR",-8,"2021-10-10",FALSE,15
"280","LAR",-1,-4,85,-1,0,1,7,33,8,6,-3,2,11,-6,-1,85,-1,59,-1,-2,8,3,-5,8,"LAR","SEA",0,0,0,1,0,1,115,-4,2,0,-27,24,2,89,10,0,"LAR","SEA",-11,-3,"False","outdoors","fieldturf ",-16,8,8,2,"LAR",5,"2021-10-07",FALSE,26
"281","LVR",1,1,10,-2,0,-1,-13,-22,-17,4,23,1,13,3,1,10,-2,-9,0,-1,5,4,-1,5,"LVR","CHI",0,0,0,0,0,0,25,5,-2,-4,41,-18,-1,28,45,-1,"CHI","LVR",6,-19,"False","dome","grass",0,0,0,-2,"LVR",-7,"2021-10-10",TRUE,3
"282","NYG",8,12,-52,-1,1,4,41,-56,-129,-7,-13,0,-16,11,8,-52,-1,-7,1,0,-7,9,16,-7,"NYG","LAR",2,0,0,0,0,-1,-44,2,4,-2,-19,6,-2,-87,-19,2,"LAR","NYG",18,-33,"False","outdoors","fieldturf ",-11,11,13,-2,"LAR",-4,"2021-10-17",TRUE,-3
"283","JAX",2,8,46,0,-1,0,-10,-29,1,-12,-114,-1,-45,7,2,46,0,-31,0,-2,-10,-4,6,-10,"JAX","MIA",0,0,0,1,-1,1,48,7,6,-2,-111,-3,-5,38,-4,2,"MIA","JAX",-17,4,"False","outdoors","grass",-15,1,0,1,"MIA",-1,"2021-10-17",FALSE,21
"284","KAN",-1,-7,125,0,0,1,7,23,20,5,-11,2,-18,-4,-1,125,0,69,-1,-4,9,-1,-10,9,"KAN","WAS",0,0,0,1,0,0,-13,-1,7,-1,-12,1,0,34,29,-1,"KAN","WAS",-7,-7,"False","outdoors","grass ",-14,-13,13,-5,"KAN",-2,"2021-10-17",FALSE,36
"285","LVR",-4,-8,135,2,-1,-1,-17,22,67,1,15,1,-4,-10,-4,135,2,123,0,-1,2,-8,-10,2,"LVR","DEN",0,0,0,1,0,0,1,-4,4,4,-9,24,1,-18,19,0,"LVR","DEN",14,15,"False","outdoors","grass ",4,-35,8,1,"DEN",-2,"2021-10-17",FALSE,21
"286","MIA",7,9,79,0,0,-3,-13,23,118,11,38,0,7,8,7,79,0,-19,-1,3,8,17,9,8,"MIA","JAX",0,0,0,1,0,1,155,2,-3,-4,19,19,-2,156,-49,-2,"MIA","JAX",3,-22,"False","outdoors","grass",-21,13,4,7,"MIA",-1,"2021-10-17",FALSE,25
"287","WAS",4,-2,-66,1,-1,-2,-6,12,23,-14,-37,-2,-30,-2,4,-66,1,-25,1,-5,-9,-18,-9,-9,"WAS","KAN",0,0,0,0,0,0,-123,0,7,-2,-30,-7,-1,-122,25,1,"KAN","WAS",-2,-9,"False","outdoors","grass ",-8,-39,1,-5,"KAN",11,"2021-10-17",TRUE,-7
"288","CHI",6,5,10,-1,2,0,-21,1,-31,3,3,-1,8,6,6,10,-1,37,2,2,1,8,7,1,"CHI","TAM",0,0,0,0,1,0,-121,-4,11,0,1,2,1,-69,60,3,"CHI","TAM",-21,24,"False","outdoors","grass ",24,26,1,-5,"TAM",3,"2021-10-24",TRUE,-25
"289","CLE",1,2,-41,-1,-1,-4,-18,-29,-54,14,109,1,29,1,1,-41,-1,8,-2,-1,15,12,-3,15,"CLE","DEN",0,0,0,0,1,-1,-19,2,3,-7,30,79,0,-19,54,0,"DEN","CLE",-23,3,"False","outdoors","grass ",1,14,4,2,"CLE",-7,"2021-10-21",FALSE,26
"290","HOU",-6,-11,-108,0,-2,0,3,2,17,-14,-82,0,-47,-11,-6,-108,0,-22,0,-1,-13,-25,-12,-13,"HOU","ARI",0,0,0,0,0,0,-115,-5,0,-3,-59,-23,0,-119,-55,1,"HOU","ARI",2,0,"False","retractable roof (closed)","grass ",0,0,0,-8,"ARI",4,"2021-10-24",TRUE,2
"291","DEN",-12,-16,-147,-1,-2,-3,-20,5,7,-9,-71,0,-31,-16,-12,-147,-1,-33,-1,-2,-7,-28,-21,-7,"DEN","CLE",0,0,0,-1,0,0,-317,-3,-1,-2,-56,-15,-3,-311,-19,0,"DEN","CLE",-20,-7,"False","outdoors","grass ",-17,59,19,3,"CLE",-2,"2021-10-21",FALSE,7
"292","DET",-5,-5,83,1,1,1,-3,47,121,10,101,-1,44,-7,-5,83,1,60,0,0,10,6,-4,10,"DET","LAR",-2,0,0,0,0,1,-127,0,7,-2,61,40,2,-109,106,-1,"DET","LAR",-15,17,"False","dome","matrixturf",0,0,0,-13,"LAR",3,"2021-10-24",FALSE,14
"293","NYG",-5,-17,-23,1,-3,-2,-21,26,170,13,43,0,20,-15,-5,-23,1,32,-1,-1,14,-6,-20,14,"NYG","CAR",-2,0,0,0,0,0,-124,-6,-4,-2,33,10,1,-91,0,-2,"CAR","NYG",-35,14,"False","outdoors","fieldturf ",-4,-5,-13,6,"CAR",-6,"2021-10-24",FALSE,49
"294","LAC",-4,-4,28,1,1,1,4,15,-1,8,137,1,98,-5,-4,28,1,8,0,0,8,5,-3,8,"LAC","NWE",0,0,0,0,0,0,69,0,-4,3,110,27,1,53,-17,0,"NWE","LAC",21,-10,"False","dome","matrixturf",9,-1,-15,-2,"LAC",-2,"2021-10-31",FALSE,25
"295","WAS",1,-2,86,0,0,4,33,1,16,10,101,0,48,-3,1,86,0,23,0,6,4,12,8,4,"WAS","GNB",0,0,0,0,0,1,-28,-2,-10,1,101,0,-1,-29,9,-2,"WAS","GNB",-21,11,"False","outdoors","grass ",-13,17,-2,-1,"GNB",-6,"2021-10-24",TRUE,4
"296","HOU",6,7,175,2,1,3,14,23,66,-1,2,1,6,5,6,175,2,94,-1,0,-1,9,10,-1,"HOU","LAR",1,0,0,1,0,0,99,1,4,2,-17,19,-1,77,60,-2,"LAR","HOU",33,-9,"False","retractable roof (closed)","astroturf",0,0,0,2,"LAR",-1,"2021-10-31",TRUE,10
"297","WAS",-1,2,2,0,1,1,7,-13,-17,-5,-83,0,-28,1,-1,2,0,52,-1,-5,0,-2,-2,0,"WAS","DEN",0,0,0,0,0,-1,38,2,13,-2,-91,8,1,-5,43,2,"WAS","DEN",0,-7,"False","outdoors","grass ",-8,14,-7,5,"DEN",-3,"2021-10-31",FALSE,7
"298","NYJ",13,7,169,2,0,0,-8,-2,31,10,35,0,4,8,13,169,2,38,0,0,10,17,7,10,"NYJ","CIN",2,0,0,1,0,0,-89,-4,0,1,28,7,-1,-91,144,1,"CIN","NYJ",18,-20,"False","outdoors","fieldturf ",11,23,11,-4,"CIN",1,"2021-10-31",FALSE,44
"299","CAR",-6,-14,-16,0,-1,-6,-28,-17,12,30,147,1,13,-14,-6,-16,0,15,1,3,27,10,-17,27,"CAR","ATL",0,0,0,0,0,0,-174,-7,1,0,74,73,0,-169,-20,-2,"CAR","ATL",16,-12,"False","retractable roof (open)","fieldturf",15,-6,0,0,"ATL",5,"2021-10-31",FALSE,28
"300","KAN",-2,-3,-13,1,0,-2,-17,-18,-69,14,30,1,-18,-5,-2,-13,1,-21,-1,-4,18,9,-9,18,"KAN","NYG",0,0,0,0,0,0,-42,-2,-2,-3,8,22,0,-41,92,-1,"NYG","KAN",14,-7,"False","outdoors","grass ",-35,41,-10,-6,"KAN",-5,"2021-11-01",FALSE,27
"301","PHI",-7,-18,-122,-2,0,-2,-13,1,81,14,101,3,32,-15,-7,-122,-2,-47,-2,-1,15,-6,-21,15,"PHI","DET",-2,0,0,0,0,0,-267,-1,0,-2,53,48,6,-198,-11,-1,"PHI","DET",22,-27,"False","dome","fieldturf ",0,0,0,0,"PHI",0,"2021-10-31",FALSE,49
"302","BAL",7,-1,-30,2,2,-2,-5,-29,-54,21,132,0,6,0,7,-30,2,-63,0,6,15,18,3,15,"BAL","MIN",0,0,0,0,1,1,-266,-6,3,-8,67,65,2,-258,44,-1,"MIN","BAL",-10,17,"True","outdoors","grass",-5,-23,2,0,"BAL",5,"2021-11-07",FALSE,27
"303","SFO",1,1,141,-1,-2,-2,-12,54,40,2,34,2,21,0,1,141,-1,67,-2,0,2,1,-1,2,"SFO","CHI",2,0,0,1,0,0,11,-1,5,4,-14,48,-2,11,114,0,"SFO","CHI",3,4,"False","outdoors","grass ",-11,-21,-4,0,"SFO",-3,"2021-10-31",FALSE,23
"304","CHI",-3,-5,-9,1,-2,0,11,0,40,7,33,1,-2,-4,-3,-9,1,-24,-2,1,6,2,-4,6,"CHI","SFO",0,0,0,0,0,0,75,4,-3,0,8,25,4,86,-52,-5,"SFO","CHI",30,-16,"False","outdoors","grass ",-30,-2,5,7,"SFO",-8,"2021-10-31",TRUE,24
"305","MIA",5,4,39,1,1,2,18,-19,6,2,-21,0,-10,4,5,39,1,-14,2,-1,3,8,5,3,"MIA","HOU",-2,0,0,0,0,0,117,-3,2,-9,-4,-17,-1,116,-15,1,"HOU","MIA",-2,-9,"False","outdoors","grass ",18,-25,10,9,"MIA",-3,"2021-11-07",FALSE,23
"306","CHI",-2,2,116,0,0,-1,-14,28,5,-10,-40,0,5,2,-2,116,0,84,0,-3,-7,-9,-2,-7,"CHI","PIT",0,0,0,0,-1,0,161,0,-3,-2,15,-55,-6,160,-11,1,"CHI","PIT",-6,7,"False","outdoors","grass ",2,-12,-5,-2,"PIT",-1,"2021-11-08",FALSE,9
"307","DET",-11,-9,-108,0,0,-2,-14,-4,-23,21,172,1,63,-8,-11,-108,0,-35,-1,0,21,10,-11,21,"DET","PIT",0,0,0,0,1,0,-65,1,-3,-10,54,118,3,-65,-43,1,"DET","PIT",-28,10,"True","outdoors","grass ",-35,27,12,-3,"PIT",-7,"2021-11-14",FALSE,38
"308","HOU",-5,5,-70,-2,2,0,10,-6,-63,4,29,-1,6,4,-5,-70,-2,-51,1,3,1,9,8,1,"HOU","MIA",-1,0,0,-1,0,0,100,4,9,7,28,1,1,60,16,2,"HOU","MIA",-29,-5,"False","outdoors","grass ",0,12,19,11,"MIA",0,"2021-11-07",FALSE,8
"309","JAX",-15,-26,-87,-1,-1,1,1,34,119,8,-3,0,-16,-25,-15,-87,-1,-2,1,-2,10,-17,-27,10,"JAX","BUF",0,0,0,0,0,0,-65,-4,-10,-1,15,-18,-2,-66,-86,-1,"BUF","JAX",-1,-22,"False","outdoors","grass ",5,30,8,-11,"BUF",4,"2021-11-07",FALSE,27
"310","NYJ",-7,-5,-114,-3,3,-1,-12,1,-33,1,-18,1,-11,-6,-7,-114,-3,-33,0,-3,4,-5,-9,4,"NYJ","BUF",0,0,0,-1,0,0,-111,0,11,-1,-29,11,0,-112,-15,-1,"BUF","NYJ",15,-28,"False","outdoors","fieldturf ",-25,11,4,-3,"BUF",1,"2021-11-14",TRUE,-13
"311","CAR",9,0,3,1,-2,-1,-10,-8,165,14,88,2,32,3,9,3,1,-36,1,-2,16,13,-3,16,"CAR","ARI",1,0,0,0,0,0,-59,-2,5,-8,43,45,2,-36,-2,0,"CAR","ARI",10,4,"False","retractable roof (closed)","grass ",11,10,-16,-7,"ARI",2,"2021-11-14",FALSE,42
"312","CIN",-9,-13,-140,1,-2,-2,-6,-9,-33,15,74,0,21,-13,-9,-140,1,-44,0,3,12,0,-12,12,"CIN","LVR",0,0,0,0,1,0,-160,0,-5,0,70,4,6,-159,-79,-4,"CIN","LVR",-9,-3,"False","dome","grass",16,-2,0,1,"CIN",3,"2021-11-21",FALSE,44
"313","DAL",9,-4,85,0,-1,-2,-20,18,228,21,36,3,16,-6,9,85,0,5,1,-1,22,15,-7,22,"DAL","ATL",-1,0,0,0,0,0,-267,-6,-1,-6,13,23,3,-290,78,-2,"ATL","DAL",-27,27,"False","retractable roof (closed)","matrixturf",0,0,0,2,"DAL",7,"2021-11-14",FALSE,54
"314","LAR",-4,-6,-49,0,0,-3,-22,9,75,-11,-42,0,-21,-5,-4,-49,0,22,0,-2,-9,-20,-11,-9,"LAR","SFO",0,0,0,0,0,1,92,-1,-1,-2,-13,-29,0,89,-58,3,"LAR","SFO",-18,15,"False","outdoors","grass",-13,43,0,3,"LAR",-3,"2021-11-15",TRUE,-9
"315","SFO",-13,-21,-144,0,-1,-4,-25,8,41,33,117,1,17,-20,-13,-144,0,-27,-2,-1,34,8,-26,34,"SFO","LAR",0,0,0,-1,0,-1,-230,-5,-3,-4,72,45,1,-222,-39,-1,"LAR","SFO",-21,14,"False","outdoors","grass",2,14,-8,-1,"LAR",4,"2021-11-15",FALSE,35
"316","BAL",0,-7,-19,-1,0,2,15,-1,3,11,29,1,-4,-5,0,-19,-1,10,-1,0,11,6,-5,11,"BAL","CHI",0,0,0,0,0,0,-116,-2,0,-1,28,1,-2,-117,-10,-1,"BAL","CHI",6,-9,"False","outdoors","grass ",-31,-14,5,2,"BAL",-3,"2021-11-21",FALSE,15
"317","ARI",18,15,185,2,-1,-2,-29,-7,-11,13,30,0,0,15,18,185,2,52,-1,0,13,26,13,13,"ARI","SEA",0,0,0,1,0,0,-32,-6,10,0,17,13,0,-31,96,4,"ARI","SEA",-11,3,"False","outdoors","fieldturf ",-26,31,0,8,"SEA",4,"2021-11-21",FALSE,34
"318","ATL",10,5,27,0,1,2,13,-11,33,-8,-63,0,-28,4,10,27,0,7,0,0,-8,-1,7,-8,"ATL","NWE",0,0,0,0,0,0,-53,2,0,-1,-53,-10,-1,-63,15,-4,"NWE","ATL",22,-43,"False","retractable roof (closed)","fieldturf",0,0,0,1,"NWE",-8,"2021-11-18",TRUE,15
"319","DEN",-7,-11,-71,1,1,0,-14,-10,48,15,51,1,1,-11,-7,-71,1,-24,-1,1,14,4,-10,14,"DEN","LAC",0,0,0,0,0,0,-62,-4,3,0,60,-9,2,-77,-22,-2,"LAC","DEN",-17,15,"False","outdoors","grass ",5,-5,-19,-1,"LAC",1,"2021-11-28",FALSE,32
"320","SEA",-6,-14,46,0,-2,1,-1,20,41,3,11,1,26,-13,-6,46,0,15,0,-5,8,-10,-18,8,"SEA","ARI",0,0,0,0,0,1,-184,-5,5,0,3,8,1,-181,-22,1,"ARI","SEA",23,-4,"False","outdoors","fieldturf ",11,-2,-11,1,"SEA",-2,"2021-11-21",TRUE,7
"321","CLE",-4,-4,22,0,1,-4,-25,6,-89,16,85,1,29,-3,-4,22,0,37,0,2,14,8,-6,14,"CLE","DET",0,0,0,0,1,0,43,3,1,0,47,38,3,43,-36,-1,"DET","CLE",3,-32,"False","outdoors","grass ",-6,30,1,-10,"CLE",-3,"2021-11-21",FALSE,41
"322","NYJ",-3,-8,-7,1,-4,1,11,9,-90,-4,32,-1,41,-11,-3,-7,1,0,0,1,-5,-11,-6,-5,"NYJ","MIA",0,0,0,0,0,1,-24,-3,9,2,-10,42,1,-60,1,-1,"MIA","NYJ",-21,0,"False","outdoors","fieldturf ",5,-12,0,10,"MIA",-3,"2021-11-21",FALSE,21
"323","LVR",-6,-8,-46,-1,0,0,-3,-7,-9,4,22,0,11,-9,-6,-46,-1,-59,0,-3,7,-4,-11,7,"LVR","CIN",0,0,0,0,0,1,-24,2,-1,1,4,18,4,-44,-41,1,"CIN","LVR",-9,-1,"False","dome","grass",0,0,0,1,"CIN",-2,"2021-11-21",TRUE,8
"324","TAM",9,14,98,0,-1,1,10,3,99,14,41,1,28,14,9,98,0,20,0,1,13,29,16,13,"TAM","NYG",0,0,0,1,0,0,124,4,-3,0,21,20,0,126,20,-1,"NYG","TAM",-9,1,"False","outdoors","grass ",21,21,-2,-2,"TAM",-1,"2021-11-22",FALSE,30
"325","LAR",-6,-3,57,2,-1,0,-2,44,-10,10,16,0,-6,-3,-6,57,2,64,1,0,10,7,-3,10,"LAR","GNB",2,0,0,1,0,-1,97,-2,-2,5,-4,20,0,97,13,-1,"LAR","GNB",18,5,"False","outdoors","grass ",-22,-42,14,2,"LAR",-3,"2021-11-28",FALSE,13
"326","ATL",-1,-3,32,1,-3,-3,-26,-4,27,13,109,2,40,-3,-1,32,1,20,0,1,12,7,-5,12,"ATL","JAX",0,0,0,0,1,0,-79,-4,8,-1,79,30,0,-76,62,1,"ATL","JAX",-4,14,"False","outdoors","grass ",-11,-4,4,5,"ATL",-2,"2021-11-28",FALSE,32
"327","BUF",-1,-12,32,2,-1,1,4,-11,15,19,22,0,-16,-13,-1,32,2,22,0,3,16,8,-8,16,"BUF","NOR",-1,0,0,0,0,0,-112,-5,-1,3,-35,57,4,-105,8,-5,"BUF","NOR",-10,-9,"False","dome","sportturf",23,-3,-12,1,"BUF",-4,"2021-11-25",FALSE,51
"328","JAX",7,17,70,1,1,-2,0,4,-13,12,87,-1,11,17,7,70,1,65,-1,-1,13,27,14,13,"JAX","ATL",2,0,0,0,0,0,247,8,7,2,73,14,1,228,15,0,"ATL","JAX",-9,4,"False","outdoors","grass ",-7,-43,-13,4,"ATL",0,"2021-11-28",FALSE,13
"329","DAL",4,4,159,2,-2,-4,-20,32,49,4,-18,1,-16,5,4,159,2,67,-1,1,3,4,1,3,"DAL","LVR",2,1,0,1,0,2,22,7,-7,-4,-23,5,0,19,12,-1,"LVR","DAL",27,14,"True","retractable roof (closed)","matrixturf",15,14,-17,-5,"DAL",-5,"2021-11-25",FALSE,7
"330","NOR",-5,-10,-51,-2,-1,2,17,-2,37,3,-65,-1,-29,-8,-5,-51,-2,-15,-1,0,3,-5,-8,3,"NOR","BUF",0,0,0,0,0,0,-95,2,-1,-4,-24,-41,1,-84,22,0,"BUF","NOR",2,-34,"False","dome","sportturf",21,-18,-4,-4,"BUF",3,"2021-11-25",TRUE,-14
"331","LVR",5,12,158,0,-1,1,-2,25,11,17,71,2,19,13,5,158,0,115,-1,1,16,30,14,16,"LVR","DAL",0,0,0,1,0,1,144,5,3,-2,39,32,-3,161,136,1,"LVR","DAL",4,20,"True","retractable roof (closed)","matrixturf",0,0,0,-6,"DAL",1,"2021-11-25",FALSE,22
"332","SEA",6,5,40,2,0,-2,-13,7,30,-7,-52,-1,-28,6,6,40,2,58,1,1,-8,-4,4,-8,"SEA","WAS",0,0,0,0,0,-1,-3,5,-2,2,-27,-25,-2,6,26,-4,"SEA","WAS",-8,4,"False","outdoors","grass ",-5,-25,9,2,"",0,"2021-11-29",FALSE,8
"333","NYG",-4,-9,35,0,-2,-1,-10,-8,-3,14,4,0,-1,-8,-4,35,0,20,-1,2,12,4,-8,12,"NYG","PHI",0,0,0,0,0,0,-79,-5,-8,-6,12,-8,0,-90,42,1,"PHI","NYG",-3,-17,"False","outdoors","fieldturf ",-29,11,-2,8,"PHI",-5,"2021-11-28",FALSE,26
"334","NOR",2,11,101,1,3,0,-5,46,-67,1,109,0,24,13,2,101,1,96,0,3,-2,12,14,-2,"NOR","DAL",0,0,0,0,1,0,105,4,4,6,106,3,-1,105,81,2,"DAL","NOR",-4,11,"False","dome","sportturf",0,0,0,1,"DAL",2,"2021-12-02",TRUE,15
"335","PIT",-3,-10,-27,1,-2,-2,-13,-1,46,10,34,0,-3,-9,-3,-27,1,0,-1,0,10,-2,-12,10,"PIT","BAL",2,0,0,0,0,1,-36,-4,8,3,-12,46,2,-50,56,-1,"BAL","PIT",9,-21,"False","outdoors","grass ",7,-21,-5,-1,"BAL",0,"2021-12-05",FALSE,32
"336","LAC",-2,-9,14,1,-1,1,15,13,38,5,7,1,3,-9,-2,14,1,-6,2,-3,8,-3,-11,8,"LAC","CIN",2,0,0,0,0,1,89,1,2,0,-15,22,-2,89,-40,-4,"LAC","CIN",28,-6,"False","outdoors","fieldturf ",-14,29,11,0,"CIN",2,"2021-12-05",FALSE,34
"337","CAR",11,4,74,1,-1,-4,-35,-46,87,8,27,1,-8,4,11,74,1,-44,1,3,5,8,3,5,"CAR","ATL",0,0,0,0,0,-1,-14,-5,3,-4,-5,32,0,-15,50,-2,"ATL","CAR",19,-12,"False","outdoors","grass ",-26,-19,5,0,"CAR",-1,"2021-12-12",FALSE,15
"338","TEN",9,10,98,-1,-1,2,22,0,21,-5,-168,1,-72,9,9,98,-1,26,-3,0,-5,7,12,-5,"TEN","JAX",0,0,0,0,-2,0,19,6,2,5,-72,-96,-4,9,85,2,"JAX","TEN",-13,-16,"False","outdoors","grass ",12,-3,-6,-1,"TEN",0,"2021-12-12",FALSE,43
"339","NOR",-4,-20,-89,-2,-4,1,22,-44,52,18,50,3,20,-20,-4,-89,-2,-76,0,-1,19,-1,-20,19,"NOR","NYJ",0,0,0,0,0,0,-191,-7,-5,-9,70,-20,2,-192,-53,-2,"NOR","NYJ",3,-8,"False","outdoors","fieldturf ",-26,-15,13,0,"NOR",-4,"2021-12-12",FALSE,31
"340","ATL",-11,-13,-107,1,0,-5,-38,6,5,13,7,0,-28,-13,-11,-107,1,-14,0,-1,14,-5,-19,14,"ATL","CAR",0,0,0,0,0,-1,-51,0,-11,3,2,5,-1,-49,-52,0,"ATL","CAR",-1,4,"False","outdoors","grass ",-24,-8,9,8,"CAR",-9,"2021-12-12",FALSE,21
"341","CHI",-8,-8,-5,0,-2,-1,2,20,16,-4,25,-1,19,-8,-8,-5,0,43,1,7,-11,-13,-2,-11,"CHI","GNB",-2,1,0,0,0,0,27,-2,-15,-2,29,-4,-1,25,23,-1,"CHI","GNB",-3,23,"False","outdoors","grass ",2,-21,0,-4,"GNB",1,"2021-12-12",TRUE,-4
"342","CIN",1,-6,48,1,-2,-1,-3,0,55,1,-10,-2,8,-4,1,48,1,51,-2,0,1,-6,-7,1,"CIN","SFO",0,0,0,0,0,0,-87,-4,-6,-5,-20,10,2,-87,60,-1,"SFO","CIN",-15,1,"True","outdoors","fieldturf ",0,-11,-2,2,"SFO",0,"2021-12-12",FALSE,16
"343","HOU",22,22,237,1,-1,-2,-23,1,25,6,-21,0,-22,22,22,237,1,77,-1,-2,8,26,18,8,"HOU","SEA",0,0,0,1,0,1,133,2,-6,0,-16,-5,0,148,149,-1,"SEA","HOU",2,13,"False","retractable roof (open)","astroturf",0,0,0,1,"SEA",-4,"2021-12-12",TRUE,11
"344","DEN",-4,-15,-78,1,-2,0,-2,-4,56,8,30,3,-14,-11,-4,-78,1,-36,0,-3,11,-7,-18,11,"DEN","DET",0,0,0,0,0,0,-90,-1,-5,-7,-20,50,2,-73,-90,0,"DET","DEN",1,16,"False","outdoors","grass ",5,-43,-14,-2,"DEN",-5,"2021-12-12",FALSE,41
"345","NYG",-6,-7,4,2,0,-1,-18,40,57,9,44,1,-3,-4,-6,4,2,61,1,1,8,1,-7,8,"NYG","LAC",1,0,0,0,0,0,-28,-1,-12,0,15,29,0,24,17,-1,"NYG","LAC",12,17,"False","dome","matrixturf",-8,-17,-11,-3,"LAC",4,"2021-12-12",TRUE,-5
"346","NYJ",-4,4,-24,-2,-1,1,9,-2,-24,0,8,-1,9,4,-4,-24,-2,-6,0,4,-4,5,9,-4,"NYJ","NOR",0,0,0,0,0,0,-9,7,9,-3,51,-43,0,-24,-3,-2,"NOR","NYJ",-3,-9,"False","outdoors","fieldturf ",1,-3,13,0,"NOR",0,"2021-12-12",TRUE,-6
"347","JAX",8,12,76,0,4,1,28,13,-36,-17,-53,-1,-28,9,8,76,0,20,-2,-2,-15,-4,11,-15,"JAX","TEN",0,0,0,0,0,0,219,-2,6,3,-48,-5,0,183,0,-1,"JAX","TEN",-7,-17,"False","outdoors","grass ",-27,13,0,5,"TEN",-5,"2021-12-12",TRUE,10
"348","DET",-3,-13,1,2,-1,0,-13,17,65,13,8,0,-16,-12,-3,1,2,22,0,-1,14,0,-14,14,"DET","ARI",0,0,0,0,1,0,-116,-5,2,-1,14,-6,0,-118,4,0,"ARI","DET",2,-8,"False","dome","fieldturf ",9,33,-8,-2,"ARI",6,"2021-12-19",FALSE,46
"349","CHI",8,6,61,-1,-2,1,16,-27,26,5,-22,0,-1,4,8,61,-1,-29,2,-3,8,12,4,8,"CHI","MIN",0,-1,0,0,0,0,37,-1,-1,3,-19,-3,1,29,-58,2,"MIN","CHI",-13,-36,"False","outdoors","grass ",1,16,0,5,"MIN",1,"2021-12-20",FALSE,7
"350","HOU",-14,-19,-122,1,1,-1,-11,13,-1,1,12,0,-3,-18,-14,-122,1,-10,0,-2,3,-19,-22,3,"HOU","JAX",0,0,0,-1,0,0,-53,-6,3,-2,-7,19,0,-53,-123,1,"HOU","JAX",-3,3,"False","outdoors","grass ",8,26,12,3,"JAX",0,"2021-12-19",FALSE,34
"351","LVR",-8,-7,-27,0,0,-2,-11,-2,-5,13,54,0,14,-7,-8,-27,0,-11,-3,1,12,4,-8,12,"LVR","CLE",0,0,0,0,0,-1,138,0,-1,4,9,45,2,137,-81,-2,"LVR","CLE",7,-34,"False","outdoors","grass ",-7,13,-11,7,"CLE",-7,"2021-12-20",FALSE,41
"352","NYJ",-6,-18,-32,0,0,3,20,-3,60,7,24,2,12,-18,-6,-32,0,-12,1,-1,8,-8,-16,8,"NYJ","MIA",0,0,0,0,0,0,-170,-11,3,2,-36,60,3,-186,-5,-2,"NYJ","MIA",-6,22,"False","outdoors","grass ",36,40,-4,-5,"MIA",-1,"2021-12-19",FALSE,14
"353","JAX",-2,-2,-11,0,-4,0,-16,-11,38,17,99,1,28,-1,-2,-11,0,-6,0,0,17,15,-2,17,"JAX","HOU",0,0,0,0,0,0,-74,2,-5,-7,71,28,1,-63,-4,4,"HOU","JAX",30,-4,"False","outdoors","grass ",35,13,12,2,"JAX",-3,"2021-12-19",TRUE,6
"354","NYG",2,-1,-10,-2,2,-1,-7,-8,-13,-2,-11,-1,0,2,2,-10,-2,-36,0,-1,-1,-4,-3,-1,"NYG","DAL",-1,0,0,0,0,0,-10,1,5,3,12,-23,0,-19,-52,-1,"DAL","NYG",0,-31,"False","outdoors","fieldturf ",-35,9,8,-2,"DAL",0,"2021-12-19",TRUE,1
"355","NWE",-12,-13,-154,-2,0,0,-9,-22,-43,8,68,3,-3,-13,-12,-154,-2,-48,0,2,6,-5,-11,6,"NWE","BUF",0,0,0,0,1,0,-164,-2,-4,4,64,4,2,-147,-24,1,"BUF","NWE",16,-6,"False","outdoors","fieldturf ",-34,34,13,1,"NWE",-2,"2021-12-26",TRUE,-2
"356","CAR",4,7,95,-1,0,3,13,55,44,-14,-84,-1,-16,7,4,95,-1,61,0,-2,-12,-4,8,-12,"CAR","TAM",-2,0,0,0,0,0,94,4,7,-4,3,-87,-1,76,60,1,"TAM","CAR",18,-25,"False","outdoors","grass ",43,-28,0,5,"TAM",0,"2021-12-26",TRUE,-9
"357","ARI",-2,-7,-68,0,-1,-2,-20,-7,-71,0,28,1,12,-9,-2,-68,0,-27,0,0,0,-9,-9,0,"ARI","IND",0,0,0,0,0,0,-78,3,-3,1,57,-29,-3,-58,-42,-3,"IND","ARI",10,-14,"False","retractable roof (closed)","grass ",0,0,0,11,"ARI",1,"2021-12-25",FALSE,12
"358","JAX",4,1,70,0,0,-2,7,-5,14,6,25,0,22,-1,4,70,0,3,1,2,4,5,1,4,"JAX","NYJ",0,0,0,0,0,0,109,-3,3,1,24,1,0,124,-27,-3,"JAX","NYJ",-9,10,"False","outdoors","fieldturf ",-33,-22,-12,5,"NYJ",1,"2021-12-26",FALSE,9
"359","NYG",4,8,-63,1,-1,1,7,-33,-12,3,-40,0,-5,5,4,-63,1,-58,-1,5,-2,12,14,-2,"NYG","PHI",0,0,0,0,0,0,-46,3,-4,0,-46,6,1,-48,-9,0,"NYG","PHI",-11,28,"False","outdoors","grass ",16,-8,1,1,"PHI",-3,"2021-12-26",TRUE,-9
"360","ATL",-1,-8,-21,0,0,0,-15,-14,23,-5,-15,1,-4,-8,-1,-21,0,-32,0,-4,-1,-13,-12,-1,"ATL","DET",0,0,0,0,0,1,-75,-3,3,-1,-23,8,-2,-94,19,-2,"DET","ATL",3,-11,"False","retractable roof (open)","fieldturf",26,-36,0,2,"ATL",-6,"2021-12-26",FALSE,22
"361","WAS",-5,1,-6,2,2,3,-4,21,75,-1,22,-2,5,0,-5,-6,2,9,0,0,-1,3,4,-1,"WAS","DAL",0,0,1,0,0,0,46,3,6,4,35,-13,2,62,-6,1,"WAS","DAL",-3,29,"False","retractable roof (closed)","matrixturf",30,-12,-7,-4,"DAL",4,"2021-12-26",TRUE,-32
"362","SEA",-1,-4,25,2,-1,-1,-2,7,49,5,90,0,38,-1,-1,25,2,31,0,1,4,0,-4,4,"SEA","CHI",0,0,0,0,1,0,-181,1,-5,4,58,32,5,-147,27,-1,"CHI","SEA",15,4,"False","outdoors","fieldturf ",-47,40,11,1,"SEA",-5,"2021-12-26",FALSE,9
"363","CAR",-5,-19,-119,0,0,0,-3,-57,-39,11,21,1,-8,-19,-5,-119,0,-46,1,0,11,-8,-19,11,"CAR","NOR",0,0,0,0,0,0,-288,-12,-22,2,2,19,3,-272,-45,0,"CAR","NOR",-22,12,"False","dome","sportturf",-1,4,-8,3,"NOR",-6,"2022-01-02",FALSE,18
"364","BAL",-8,-8,-107,-2,0,4,26,5,-32,16,126,-1,38,-8,-8,-107,-2,-27,1,0,16,12,-4,16,"BAL","LAR",0,0,0,-1,0,-1,3,0,4,0,104,22,0,-1,-64,1,"LAR","BAL",-1,-22,"False","outdoors","grass",7,29,6,1,"LAR",5,"2022-01-02",FALSE,19
"365","WAS",12,4,59,-2,-1,-2,13,-42,-75,2,9,1,-8,4,12,59,-2,-17,0,2,0,4,4,0,"WAS","PHI",0,0,-1,0,0,0,-67,-8,-10,-2,-18,27,-2,-89,47,-2,"PHI","WAS",6,-40,"False","outdoors","grass ",-10,46,4,6,"PHI",-2,"2022-01-02",FALSE,38
"366","LAC",-5,-4,-99,1,-2,-1,-8,18,22,14,11,-1,-7,-4,-5,-99,1,-8,-1,-3,17,9,-8,17,"LAC","DEN",-2,0,0,-1,0,0,-69,-1,5,2,-11,22,2,-74,-63,2,"DEN","LAC",-16,-7,"False","dome","matrixturf",0,0,0,4,"LAC",0,"2022-01-02",FALSE,33
"367","PIT",-4,3,-71,0,0,0,-7,-23,-89,6,60,1,-7,4,-4,-71,0,-41,-2,-1,7,9,2,7,"PIT","CLE",0,0,0,0,1,0,63,5,4,4,-2,62,4,63,-18,-2,"CLE","PIT",4,-10,"False","outdoors","grass ",-35,-4,-10,10,"PIT",-4,"2022-01-03",FALSE,38
"368","NWE",11,2,145,3,-2,-1,-6,45,213,9,32,1,-2,2,11,145,3,71,0,-2,11,10,-1,11,"NWE","JAX",0,0,0,0,0,0,-66,-9,6,-2,-12,44,1,-71,93,0,"JAX","NWE",-23,29,"False","outdoors","fieldturf ",8,21,-9,-15,"NWE",-2,"2022-01-02",FALSE,52
"369","NYG",-19,-33,-94,-1,0,2,20,-7,-80,13,77,0,-4,-30,-19,-94,-1,-31,2,-4,17,-18,-35,17,"NYG","CHI",0,0,0,0,1,0,-202,-6,-1,-5,64,13,-1,-199,-28,-1,"NYG","CHI",-7,-5,"False","outdoors","grass ",-28,28,4,4,"CHI",-4,"2022-01-02",TRUE,-2
"370","NOR",5,8,87,1,-2,-6,-39,-26,57,5,-10,0,5,5,5,87,1,6,0,2,3,7,4,3,"NOR","CAR",0,0,0,0,0,0,106,0,-6,-4,-3,-7,0,99,22,1,"CAR","NOR",-10,15,"False","dome","sportturf",0,0,0,-4,"NOR",0,"2022-01-02",FALSE,25
"371","ATL",7,10,19,1,1,-2,-7,-28,-7,-10,-34,0,-9,11,7,19,1,-39,1,0,-10,-2,8,-10,"ATL","NOR",0,0,0,0,0,1,140,2,4,1,-20,-14,2,151,-81,0,"NOR","ATL",15,-9,"False","retractable roof (closed)","fieldturf",46,-36,-11,11,"NOR",-4,"2022-01-09",TRUE,4
"372","NYG",11,20,79,1,0,-1,-10,10,35,-15,-67,0,8,19,11,79,1,33,-1,2,-17,4,21,-17,"NYG","WAS",0,0,0,0,-1,0,168,6,11,0,-68,1,0,155,39,0,"WAS","NYG",19,-22,"False","outdoors","fieldturf ",13,-10,-13,-1,"WAS",1,"2022-01-09",TRUE,11
"373","MIN",-10,-17,56,2,0,1,8,9,-12,11,77,0,28,-16,-10,56,2,37,0,-1,12,-5,-17,12,"MIN","CHI",0,0,0,0,0,2,69,-6,1,-5,52,25,0,65,-60,1,"CHI","MIN",7,-6,"False","dome","sportturf",61,-15,-9,9,"MIN",2,"2022-01-09",FALSE,41
"374","JAX",6,5,30,1,-3,-1,-14,-11,54,14,21,0,19,6,6,30,1,-32,0,1,13,18,5,13,"JAX","IND",0,0,0,0,0,0,-9,-1,6,1,-10,31,0,16,13,5,"IND","JAX",1,-24,"False","outdoors","grass ",30,-40,15,1,"IND",2,"2022-01-09",FALSE,55
"375","MIA",-3,-17,-96,1,-1,-3,-17,-28,2,27,121,1,31,-17,-3,-96,1,-59,-1,2,25,7,-18,25,"MIA","NWE",0,0,0,0,1,0,-275,-9,-1,-2,47,74,4,-281,-8,-2,"NWE","MIA",21,-1,"False","outdoors","grass ",32,-14,-5,-3,"NWE",0,"2022-01-09",FALSE,40
"376","DEN",-6,-3,-68,-1,0,0,-5,2,-45,1,108,3,60,-3,-6,-68,-1,-56,1,2,-1,-2,-1,-1,"DEN","KAN",0,0,0,0,1,0,54,0,0,3,28,80,-2,44,-36,0,"KAN","DEN",15,-10,"False","outdoors","grass ",-31,12,4,-4,"KAN",0,"2022-01-08",FALSE,17
"377","DET",0,-5,51,1,-3,1,8,69,248,4,4,-1,-27,-8,0,51,1,48,0,-1,5,0,-5,5,"DET","GNB",-2,0,0,0,0,1,-5,0,-2,3,40,-36,-2,-32,54,-2,"GNB","DET",1,-14,"False","dome","fieldturf ",35,-47,0,4,"GNB",3,"2022-01-09",FALSE,29
"378","HOU",2,1,138,2,-1,-1,-15,13,53,-6,-22,0,6,2,2,138,2,79,0,2,-8,-6,2,-8,"HOU","TEN",2,0,0,1,0,1,179,1,4,3,4,-26,1,197,36,0,"TEN","HOU",21,2,"False","retractable roof (closed)","astroturf",22,-13,-6,2,"TEN",-1,"2022-01-09",FALSE,13
"379","CLE",1,-14,-9,0,-1,-8,-41,-13,49,21,112,1,11,-12,1,-9,0,-1,1,1,20,-1,-21,20,"CLE","CIN",0,0,0,0,1,0,-154,-3,-5,-5,81,31,3,-151,41,-4,"CIN","CLE",2,-5,"False","outdoors","grass ",13,29,10,-3,"CLE",-5,"2022-01-09",FALSE,17
"380","PHI",3,9,70,-1,1,-1,-8,-3,-100,-16,-54,0,18,9,3,70,-1,24,1,-2,-14,-8,6,-14,"PHI","TAM",2,0,0,0,0,0,261,6,8,-2,-51,-3,1,258,64,-4,"PHI","TAM",-36,5,"False","outdoors","grass ",35,9,13,-4,"TAM",2,"2022-01-16",TRUE,9
